id,sentences
272450,금번 ㈜진에어의 유가증권시장 상장공모는 신주모집 3000000주250 구주매출9000000주750로 일반공모 방식에 의합니다
272450,금번 모집에서 일반청약자에게 배정된 주식은 아래와 같이 대표주관회사인 미래에셋대우㈜와 인수회사인 삼성증권㈜ 케이비증권㈜ 한국투자증권㈜ NH투자증권㈜를 통하여 청약이 실시됩니다
272450,기관투자자는 증권 인수업무 등에 관한 규정 제2조 제8호에 의한 다음 각 목의 어느 하나에 해당하는 자를 말합니다
272450,가 법 시행령 제10조제2항제1호부터 제10호제8호의 경우 법 제8조제2항부터 제4항까지의 금융투자업자를 말한다
272450,이하 같다까지 제13호부터 제17호까지 제3항제3호 제10호부터 제13호까지의 전문투자자나 법 제182조에 따라 금융위원회에 등록되거나 제249조의6에 따라 금융위원회에 보고된 집합투자기구다
272450,국민연금법에 의하여 설립된 국민연금관리공단라 우정사업본부 직제에 따른 우정사업본부마 자본시장과 금융투자업에 관한 법률제8조제6항의 금융투자업자이하 투자일임회사라 한다바 상기 가목부터 마목에 준하는 법인으로 외국법령에 의하여 설립된 자사 법 제8조제7항의 금융투자업자 중 아목 이외의 자증권 인수업무 등에 관한 규정 제2조제18호에 따른 고위험고수익투자신탁으로 수요예측등에 참여하는 경우에 한한다아 금융투자업규정 제34조 제1항의 부동산신탁업자이하 부동산신탁회사라 한다
272450,1 고위험고수익투자신탁이란 조세특례제한법 제91조의15 제1항에 따라 대통령령으로 정하는 채권 또는 대통령령으로 정하는 주권을 일정 비율 이상 편입하는 대통령령으로 정하는 투자신탁 등을 말합니다
272450,조세특례제한법 제91조의15 제1항에서 대통령령으로 정하는 채권이란 법 제335조의3에 따라 신용평가업인가를 받은 자이하 이 조에서 신용평가업자라 한다 2명 이상이 평가한 신용등급 중 낮은 신용등급이 BBB+ 이하전자단기사채등의 발행 및 유통에 관한 법률 제2조제1호에 따른 전자단기사채의 경우 A3+ 이하인 사채권이하 비우량채권이라 한다을 말합니다
272450,조세특례제한법 제91조의15 제1항에서 대통령령으로 정하는 주권이란 법 시행령 제11조 제2항에 따른 코넥스시장에 상장된 주권이하 코넥스 상장주식이라 한다을 말합니다
272450,조세특례제한법 제91조의15 제1항에서 대통령령으로 정하는 투자신탁 등이란 법에 따른 집합투자기구 투자일임재산 또는 특정금전신탁이하 투자신탁등이라 한다으로서 다음 각 호의 요건을 모두 갖춘 것을 말합니다
272450,① 해당 투자신탁 등의 설정일ㆍ설립일부터 매 3개월마다 비우량채권과 코넥스 상장주식을 합한 평균보유비율이 100분의 45 이상이고 이를 포함한 국내채권의 평균보유비율이 100분의 60 이상일 것 이 경우 평균보유비율은 비우량채권과 코넥스 상장주식 국내채권 각각의 평가액이 투자신탁 등의 평가액에서 차지하는 매일의 비율이하 일일보유비율이라 한다을 3개월 동안 합산하여 같은 기간의 총 일수로 나눈 비율로 한다
272450,다만 증권 인수업무 등에 관한 규정 제2조 제18호에 따라 해당 투자신탁 등의 설정일ㆍ설립일부터 배정일까지의 기간이 6개월 미만일 경우에는 조세특례제한법 시행령 제93조제3항 제1호 및 같은 조 제7항에도 불구하고 배정 시점에 비우량채권과 코넥스 상장주식을 합한 보유비율이 100분의 45 이상이고 이를 포함한 국내 채권의 보유비율이 100분의 60 이상이어야 합니다
272450,2 코넥스 고위험고수익투자신탁이란 설정일ㆍ설립일부터 매 3개월마다 코넥스 상장주식의 평균보유비율코넥스 상장주식의 평가액이 고위험고수익투자신탁의 평가액에서 차지하는 매일의 비율을 3개월 동안 합산하여 같은 기간의 총일수로 나눈 비율을 말한다이 100분의 2 이상인 고위험고수익투자신탁을 말합니다
272450,다만 설정일ㆍ설립일부터 배정일까지의 기간이 6개월 미만이고 배정시점에 코넥스 상장주식의 보유비율이 자산총액의 100분의 2 이상인 경우 본문의 요건을 갖춘 것으로 봅니다
272450,대표주관회사는 본 수요예측에 고위험고수익투자신탁으로 참여하는 투자신탁등에 대하여 증권 인수업무 등에 관한 규정제2조 제18호에 따른 고위험고수익투자신탁임을 확약하는 확약서 및 신탁자산 구성내역 등을 기재한 수요예측참여 총괄집계표를 징구할 수 있으며 이를 요청받은 기관투자자가 해당 서류를 미제출할 경우 배정에서 불이익을 받을 수 있습니다
272450,증권 인수업무 등에 관한 규정 제5조의2 제1항에 따라 투자일임회사는 투자일임계약을 체결한 투자자가 다음 각 호의 요건을 모두 충족하는 경우에 한하여 투자일임재산으로 기업공개를 위한 수요예측에 참여할 수 있습니다
272450,다만 증권 인수업무 등에 관한 규정 제2조 제18호에 따른 고위험고수익투자신탁의 경우에는 제1호 및 제4호를 적용하지 아니한다1증권 인수업무 등에 관한 규정 제2조 제8호에 따른 기관투자자일 것2증권 인수업무 등에 관한 규정 제9조 제4항 각호의 어느 하나에 해당하지 아니할 것3증권 인수업무 등에 관한 규정 제17조의2 제4항 제1호에 따라 불성실수요예측 참여자로 지정되어 기업공개를 위한 수요예측참여 및 공모주식 배정이 금지된 자가 아닐 것4 투자일임계약 체결일로부터 3개월이 경과하고 수요예측 참여일전 3개월간의 일평균 투자일임재산의 평가액이 5억원 이상일 것증권 인수업무 등에 관한 규정 제5조의2 제2항에 따라 투자일임회사는 투자일임재산으로 수요예측에 참여하는 경우 같은 조 제1항의 조건이 모두 충족됨을 확인하여야 하며 이에 대한 확약서를 대표주관회사인 미래에셋대우㈜에 제출하여야 합니다
272450,대표주관회사는 본 수요예측에 투자일임재산으로 참여하는 투자일임회사에 대하여 증권 인수업무 등에 관한 규정 제5조의2 제1항에 따른 투자일임회사임을 확약하는 확약서 및 펀드명 펀드설정금액 펀드별 참여현황 등을 기재한 수요예측참여 총괄집계표를 징구할 수 있으며 이를 요청받은 투자일임회사가해당 서류를 미제출할 경우 배정에서 불이익을 받을 수 있습니다
272450,금번 매출에서 일반청약자에게 배정된 주식은 아래와 같이 대표주관회사인 미래에셋대우㈜와 인수회사인 삼성증권㈜ 케이비증권㈜ 한국투자증권㈜ NH투자증권㈜를 통하여 청약이 실시됩니다
272450,① 해당 투자신탁 등의 설정일ㆍ설립일부터 매 3개월마다 비우량채권과 코넥스 상장주식을 합한 평균보유비율이 100분의 45 이상이고 이를 포함한 국내채권의 평균보유비율이 100분의 60 이상일 것 이 경우 평균보유비율은 비우량채권과 코넥스 상장주식 국내채권 각각의 평가액이 투자신탁 등의 평가액에서 차지하는 매일의 비율이하 일일보유비율이라 한다을3개월 동안 합산하여 같은 기간의 총 일수로 나눈 비율로 한다
272450,가 공모가격 결정 절차금번 ㈜진에어의 유가증권시장 상장 공모를 위한 공모가격은증권 인수업무 등에 관한 규정제5조주식의 공모가격 결정 등에서 정하는 수요예측에 의한 방법에 따라 결정됩니다
272450,또한 금번 공모시에는증권 인수업무 등에 관한 규정제5조 제1항 제2호에 의한 수요예측을 실시할 예정이며 동 규정 제5조 제1항 제2호의 단서조항은 적용하지 않습니다
272450,한편 수요예측을 통한 개략적인 공모가격 결정절차는 다음과 같습니다
272450,나 공모가격 산정 개요대표주관회사인 미래에셋대우㈜와 발행회사인 ㈜진에어는 발행회사의 유가증권시장 상장 공모와 관련하여 희망공모가액을 다음과 같이 제시하였으며 수요예측 결과 및 주식시장의 상황 등을 감안한 후 대표주관회사와 발행회사인 ㈜진에어가 협의하여 1주당 확정공모가액을 31800원으로 결정하였습니다
272450,고위험고수익투자신탁이란 조세특례제한법 제91조의15 제1항에 따라 대통령령으로 정하는 채권 또는 대통령령으로 정하는 주권을 일정 비율 이상 편입하는 대통령령으로 정하는 투자신탁 등을 말합니다
272450,조세특례제한법 제91조의15 제1항에서 대통령령으로 정하는 채권이란 법 제335조의3에 따라 신용평가업 인가를 받은 자이하 이 조에서 신용평가업자라 한다 2명 이상이 평가한 신용등급 중 낮은신용등급이 BBB+ 이하전자단기사채등의 발행 및 유통에 관한 법률 제2조제1호에 따른 전자단기사채의 경우 A3+ 이하인 사채권이하 비우량채권이라 한다을 말합니다
272450,조세특례제한법 제91조의15 제1항에서 대통령령으로 정하는 투자신탁 등이란 법에 따른 집합투자기구 투자일임재산 또는 특정금전신탁이하 투자신탁 등이라 한다으로서 다음 각 호의 요건을 모두 갖춘 것을 말합니다
272450,1 해당 투자신탁 등의 설정일ㆍ설립일부터 매 3개월마다 비우량채권과 코넥스 상장주식을 합한 평균보유비율이 100분의 45 이상이고 이를 포함한 국내채권의 평균보유비율이 100분의 60 이상일 것 이 경우 평균보유비율은 비우량채권과 코넥스 상장주식 국내채권 각각의 평가액이 투자신탁 등의 평가액에서 차지하는 매일의 비율이하 일일보유비율이라 한다을 3개월 동안 합산하여 같은 기간의 총 일수로 나눈 비율로 한다
272450,다만 증권 인수업무 등에 관한 규정 제2조 제18호에 따라 해당 투자신탁 등의 설정일ㆍ설립일부터 배정일까지의 기간이 6개월 미만일 경우에는 조세특례제한법 시행령 제93조 제3항 제1호 및 같은 조 제7항에도 불구하고 배정 시점에 비우량채권과코넥스 상장주식을 합한 보유비율이 100분의 45 이상이고 이를 포함한 국내 채권의 보유비율이 100분의 60 이상이어야 합니다
272450,대표주관회사는 본 수요예측에 고위험고수익투자신탁으로 참여하는 투자신탁 등에 대하여 증권 인수업무 등에 관한 규정제2조 제18호에 따른 고위험고수익투자신탁임을 확약하는 확약서 및 신탁자산 구성내역을 기재한 수요예측참여 총괄집계표를 징구할 수 있으며 이를 요청받은 기관투자자가 해당 서류를 미제출할 경우 배정에서 불이익을 받을 수 있습니다
272450,다만 증권 인수업무 등에 관한 규정 제2조 제18호에 따른 고위험고수익투자신탁의 경우에는 제1호 및 제4호를 적용하지 아니한다1증권 인수업무 등에 관한 규정 제2조 제8호에 따른 기관투자자일 것2증권 인수업무 등에 관한 규정 제9조 제4항 각호의 어느 하나에 해당하지 아니할 것3증권 인수업무 등에 관한 규정 제17조의2 제4항 제1호에 따라 불성실 수요예측참여자로 지정되어 기업공개를 위한 수요예측참여 및 공모주식 배정이 금지된 자가 아닐 것4 투자일임계약 체결일로부터 3개월이 경과하고 수요예측 참여일전 3개월간의 일평균 투자일임재산의 평가액이 5억원이상일 것증권 인수업무 등에 관한 규정 제5조의2 제2항에 따라 투자일임회사는 투자일임재산으로 수요예측에 참여하는 경우 같은 조 제1항의 조건이 모두 충족됨을 확인하여야 하며 이에 대한 확약서를 대표주관회사인 미래에셋대우㈜에 제출하여야 합니다
272450,대표주관회사는 본 수요예측에 투자일임재산으로 참여하는 투자일임회사에 대하여 증권 인수업무 등에 관한 규정 제5조의2 제1항에 따른 투자일임회사임을 확약하는 확약서 및 펀드명 펀드설정금액 펀드별 참여현황 등을 기재한 수요예측참여 총괄집계표를 징구할 수 있으며 이를 요청받은투자일임회사가 해당 서류를 미제출할 경우 배정에서 불이익을 받을 수 있습니다
272450,나 수요예측 참여 제외대상다음에 해당하는 자는 수요예측에 참여할 수 없습니다
272450,제5조주식의 공모가격 결정 등 ① 기업공개를 위한 주식의 공모가격은 다음 각 호의 어느 하나에 해당하는 방법으로 결정한다
272450,2 기관투자자를 대상으로 수요예측을 실시하고 그 결과를 감안하여 인수회사와 발행회사가 협의하여 정하는 방법 다만 제2조제8호에 불구하고 인수회사는 다음 각 목의 어느 하나에 해당하는 자이하 창업투자회사등이라 한다의 수요예측등 참여를 허용할 수 있으며 이 경우 해당 창업투자회사등은 기관투자자로 본다
272450,라 중소기업창업 지원법제2조제4호에 따른 중소기업창업투자회사제10조의3환매청구권① 기업공개국내외 동시상장공모를 위한 기업공개는 제외한다를 위한 주식의 인수회사는 다음의 어느 하나에 해당하는 경우 일반청약자에게 공모주식을 인수회사에 매도할 수 있는 권리이하 환매청구권이라 한다를 부여하고 일반청약자가 환매청구권을 행사하는 경우 증권시장 밖에서 이를 매수하여야 한다
272450,다만 일반청약자가 해당 주식을 매도 하거나 배정받은 계좌에서 인출하는 경우 또는 타인으로부터 양도받은 경우에는 그러하지 아니하다
272450,7 수요예측 접수일시 및 방법미래에셋대우㈜를 통한 수요예측 접수기간 접수처 및 연락처는 다음과 같습니다
272450,국내 기관투자자 및 해외 기관투자자는 납입일에 배정된 금액의 10에 해당하는 청약수수료를 입금하여야 합니다
272450,청약수수료를 입금하지 않는 경우 미납입으로 간주될 수 있으니 유의하시기 바랍니다
272450,8 기타 수요예측 참여와 관련한 유의사항① 수요예측 마감시간 이후에는 수요예측 참여정정취소가 불가하오니 접수 마감시간을 엄수해 주시기 바랍니다
272450,② 수요예측 참여는 수요예측 참여 이전까지 미래에셋대우㈜에 본인 명의의 위탁계좌가 개설되어 있어야 합니다
272450,또한 집합투자회사의 경우 집합투자재산 고유재산 고위험고수익투자신탁 투자일임재산을 각각 구분하여 접수해야 하며 접수 시 각각 개별 계좌로 참여하여야 합니다
272450,③ 참가신청금액이 각 수요예측참여자별 최고 한도를 초과할 때에는 최고 한도로 참가한 것으로 간주합니다
272450,④ 수요예측 참여시 입력또는 확인된 참여기관의 기본 정보에 허위 내용이 있을 경우 참여 자체를 무효로 하며 불성실 수요예측참여자로 관리합니다
272450,다만 한국금융투자협회는 불성실 수요예측참여자가 동 협회의 회원인 경우 해당 회원에게 동 협회 정관 제45조 제1항 제4호의 제재금을 부과할 수 있으며 이 경우 수요예측 참여제한기간을 적용하지 아니합니다
272450,또한 고위험고수익투자신탁으로 수요예측에 참여하는기관투자자는 각 투자신탁이증권 인수업무 등에 관한 규정제2조 제18호에 따른 고위험고수익투자신탁에 해당되는지 여부해당 투자신탁 등의 설정일ㆍ설립일부터 배정일까지의 기간이 6개월 미만일 경우에는 같은 조세특례제한법 시행령 제93조 제3항 제1호 및 같은 조 제7항에도 불구하고 배정 시점에 비우량채권과 코넥스 상장주식을 합한 보유비율이 100분의 45 이상이고 이를 포함한 국내 채권의 보유비율이 100분의 60 이상이어야 함를 확인하여야 하며 대표주관회사는 해당 기관투자자가 제출한 확약서 등의 소정의 양식에 의거하여 판단합니다
272450,동 사항에 대해 허위 및 과실로 제출하였을 경우 불성실 수요예측참여자로 지정될 수 있음을 유의하시길 바랍니다
272450,⑤ 집합투자회사가 통합신청하는 각 펀드의 경우 수요예측일 현재 약관승인 및 설정이 완료된 경우에 한합니다
272450,또한 동일한 집합투자업자의 경우 각 펀드별 수요를 취합하여 1건으로 통합신청하며 동일한 가격으로 수요예측에 참여해야 합니다
272450,한편 고위험고수익투자신탁으로 수요예측에 참여하는 기관투자자는 각 고위험고수익투자신탁 펀드별 참여내역을 기관투자자 명의 1건으로 통합하여 참여하여야 하며 동일한 가격으로 수요예측에 참여해야 합니다
272450,해당 펀드의 종목별 편입한도 만기일 등은 사전에 자체적으로 확인한 후 신청하여 주시기 바랍니다
272450,⑥ 고위험고수익투자신탁으로 수요예측에 참여하는 기관투자자는 해당 고위험고수익투자신탁의 가입자가 인수회사 또는 발행회사의 이해관계인인지 여부를 확인하여야 하며 이에 해당하는 경우 해당 고위험고수익투자신탁이 공모주 수요예측에 참가하지 않도록 조치하여야 합니다
272450,⑦ 수요예측 인터넷 접수를 위한 사업자투자등록번호 위탁 계좌번호 및 계좌 비밀번호 관리의 책임은 전적으로 기관투자자 본인에게 있으며 사업자투자등록번호 위탁 계좌번호 및 계좌 비밀번호 관리 부주의로 인해 발생되는 문제에 대한 책임은 당해 기관투자자에게 있음을 유의하시기 바랍니다
272450,⑧ 기타 수요예측 참여와 관련한 유의사항은 미래에셋대우㈜wwwmiraeassetdaewoocom ⇒ 뱅킹관리대출청약⇒ 청약⇒ 수요예측⇒ 공지사항에서 확인하시기 바랍니다
272450,⑨ 대표주관회사는 본 수요예측에 참여한 해외 기관투자자에 대하여 증권 인수업무 등에 관한 규정 제2조 제8호 바목에 해당하는 기관투자자임을 입증할 수 있는 서류를 요청할 수 있으며 이를 요청받은 해외 기관투자자가 해당 서류를 제출하지 않을 경우 배정에서 불이익을 받을 수 있습니다
272450,대표주관회사는 본 수요예측에 고위험고수익투자신탁으로 참여하는 투자신탁 등에 대하여 증권 인수업무 등에 관한 규정제2조 제18호에 따른 고위험고수익투자신탁임을 확약하는 확약서 및 신탁자산 구성내역 등을 기재한 수요예측참여 총괄집계표를 징구할 수 있으며 이를 요청받은 기관투자자가 해당 서류를 미제출할 경우 배정에서 불이익을 받을 수 있습니다
272450,대표주관회사는 본 수요예측에 투자일임재산으로 참여하는 투자일임회사에 대하여 증권 인수업무 등에 관한 규정 제5조의2 제1항에 따른 투자일임회사임을 확약하는 확약서 및 펀드명 펀드설정금액 펀드별 참여현황 등을 기재한 수요예측참여 총괄집계표를 징구할 수 있으며 이를 요청받은 투자일임회사가 해당 서류를 미제출할 경우 배정에서 불이익을 받을 수 있습니다
272450,⑩ 기관투자자 또는 일반청약자 대상 배정물량 중 미청약된 배정물량에 대해서는 수요예측에 참여하지 않았거나 수요예측에 참여하였으나 배정받지 못한 경우에도 공모가액으로 배정받기 희망하는 기관투자자가 있는 경우 대표주관회사에 미리 청약의사를 표시하고 청약일 중 추가청약할 수 있습니다
272450,상기 배정의 결과 불가피한 상황이 발생하여 배정이 원활하지 못할 경우 대표주관회사가 판단하여 배정에 대한 기준을 변경할 수 있습니다
272450,⑪ 수요예측 참가 시 의무보유 확약기간을 미확약 15일 1개월 3개월 또는 6개월로 제시가 가능합니다
272450,⑫ 수요예측참가시 의무보유 확약을 한 기관투자자고위험고수익투자신탁 포함의 경우 기준일로부터 의무보유 확약 +2일의 기간까지의 일별잔고증명서 및 매매내역서를 의무보유 확약기간 종료 후 1주일 이내에 대표주관회사인 미래에셋대우㈜ IPO1팀으로 보내주시기 바랍니다
272450,한편 상기 서류를 제출하지 않은 기관투자자는 불성실 수요예측참여자로 지정될 수 있음을 유의하시기 바랍니다
272450,또한 펀드 만기가 의무보유 확약기간 종료 이전에 도래하여 매도를 하는 경우에도 불성실 수요예측참여자로 지정될 수 있으니 기관투자자 등은 수요예측에 참여하기 전 해당 펀드의 만기를 확인하여 수요예측에 참여하기 바랍니다
272450,⑬ 의무보유 확약기간은 결제일 기준이 아니므로 의무보유 확약기간 종료일 익일부터 매매가 가능하며 잔고증명서 및 매매내역서는 동 기준에 근거하여 제출하시길 바랍니다
272450,⑭ 국내 기관투자자 및 해외 기관투자자는 납입일에 배정된 금액의 10청약금액의 10에 해당하는 청약 수수료를 수요예측을 접수한 대표주관회사에 입금해야 합니다
272450,⑮ 대표주관회사는 주식시장 상황 수요예측 참여현황 수요예측 참여방법 및 절차 준수 여부 등을 종합적으로 고려하여 내부 수요예측 운영기준에 따라 배정기준을 변경할 수 있으며 이와 관련된 상세 내용은 수요예측 참가안내 공지사항wwwmiraeassetdaewoocom → 뱅킹관리대출청약 → 청약 → 수요예측 → 공지사항을 참고하시기 바랍니다
272450,<16> 금번 공모시에는증권 인수업무 등에 관한 규정제5조 제1항 제2호의 단서조항은 적용하지 않음에 따라 수요예측 시 동 규정 제2조 제8항에 따른 기관투자자만 참여할 수 있습니다
272450,9 확정공모가액 결정방법대표주관회사인 미래에셋대우㈜는 수요예측 결과 및 주식시장 상황 등을 감안하여 발행회사인 ㈜진에어와 협의하여 최종 공모가액을 결정합니다
272450,11 수요예측 대상 주식의 배정결과 통보① 대표주관회사인 미래에셋대우㈜는 최종 결정된 확정공모가액을 미래에셋대우㈜ 홈페이지wwwmiraeassetdaewoocom에 게시하며 기관별 배정물량은 수요예측 참여기관이 개별적으로 미래에셋대우㈜ wwwmiraeassetdaewoocom ⇒ 뱅킹대출청약 ⇒ 청약 ⇒ 수요예측 ⇒배정결과 조회에 접속한 후 배정물량을 직접 확인하여야 하며 이를 개별 통보에 갈음합니다
272450,② 수요예측 참여에 의해 배정된 물량을 미청약한 경우에는 불성실수요예측 참여자로 금융투자협회 회원 홈페이지httpworkkofiaorkr 에 게시 등록됩니다
272450,12 기타 수요예측 실시에 관한 유의사항① 수요예측에 참가하지 않았거나 수요예측에 참여하였으나 배정받지 못한 경우에도 공모가액으로 배정을 받기를 희망하는 기관투자자는 대표주관회사에 미리 청약의의사를 표시하고 청약일에 추가 청약할 수 있습니다
272450,다만 수요예측에서 배정된 수량이 모두 청약된 경우에는 배정받을 수 없습니다
272450,② 상기 배정의 결과 불가피한 상황이 발생하여 배정이 원활하지 못할 경우 대표주관회사가 판단하여 배정에 대한 기준을 변경할 수 있습니다
272450,③ 수요예측 참가 시 참가신청서를 허위로 작성 또는 제출된 참가신청서를 임의로 변경하거나 허위자료를 제출하는 경우 수요예측 참여 자체를 무효로 합니다
272450,과거 양식으로 작성한 수요예측 신청가격 분포는 다음과 같습니다
272450,주 상기의 확약 신청수량은 수요예측 참여결과를 기재하였으며 실제 배정내역은 이와는 상이합니다
272450,① 우리사주조합 기관투자자고위험고수익투자신탁 포함의 청약단위는 1주로 합니다
272450,② 일반청약자는 대표주관회사인 미래에셋대우㈜와 인수회사인 삼성증권㈜ 케이비증권㈜ 한국투자증권㈜ NH투자증권㈜에서 청약이 가능합니다
272450,청약단위는 아래 다
272450,청약방법  5 일반청약자의 청약단위를 참조해 주시기 바라며 기타사항은 투명하고 공정하게 정하여 공시한 방법에 의합니다
272450,③ 기관투자자의 청약은 수요예측에 참여하여 물량을 배정받은 수량 단위로 하며 청약 미달을 고려하여 추가 청약을 하고자 하는 기관투자자는 각 기관별로 법령 등에 의한 투자한도 잔액을 확정공모가액으로 나눈 주식수와 수요예측 최고 참여한도 중 작은 주식수로 하여 1주 단위로 추가 청약할 수 있습니다
272450,세부적인 내용은제1부 모집 또는 매출에 관한 사항Ⅰ 모집 또는 매출에 관한 일반사항3 공모가격 결정방법다
272450,수요예측에 관한 사항10 대표주관회사 미래에셋대우㈜의 수요예측 기준 절차 및 배정방법부분을 참고하시기 바랍니다
272450,④ 일반청약자의 청약자격 및 배정기준은제1부 모집 또는 매출에 관한 사항Ⅰ 모집 또는 매출에 관한 일반 사항4 모집 또는 매출절차 등에 관한 사항다
272450,청약방법및라 청약결과 배정방법부분 참고하시기 바랍니다
272450,① 우리사주조합의 청약증거금은 청약금액의 100로 합니다
272450,② 일반청약자의 청약증거금은 청약금액의 50로 합니다
272450,③ 기관투자자의 청약증거금은 없습니다
272450,④ 일반청약자의 청약증거금은 주금납입기일2017년 12월 4일에 주금납입금으로 대체하되 청약증거금이 납입주금에 미달하는 경우 청약처를 통하여 추가납입을 하여야 하며 주금납입기일까지 당해 청약자로부터 그 미달금액을 받지 못한 때에는 그 미달금액에 해당하는 배정주식은 인수단 구성원이 총액인수계약서에서 정하는 바에 따라 자기계산으로 인수합니다
272450,초과청약금이 있는 경우에는 이를 주금납입기일에 반환하며 이 경우 청약증거금은 무이자로 합니다
272450,⑤ 기관투자자는 금번 공모에 있어 청약증거금이 면제되는 바 청약우선청약 및 추가청약하여 배정받은 물량의 100에 해당하는 금액을 납입일인 2017년 12월 4일 0800 ~ 1300 사이에 당해 청약을 접수한 대표주관회사에 납입하여야 합니다
272450,한편 동 납입금액이 기관투자자가 청약하여 배정받는 주식의 납입금액에 미달할 경우에는 인수단 구성원이 그 미달금액에 해당하는 주식을 총액인수계약서에서 정하는 바에 따라 자기계산으로 인수합니다
272450,① 우리사주조합  미래에셋대우㈜ 본ㆍ지점② 기관투자자  미래에셋대우㈜ 본ㆍ지점③ 일반청약자  미래에셋대우㈜ 본ㆍ지점 삼성증권㈜ 본ㆍ지점 케이비증권㈜ 본ㆍ지점 한국투자증권㈜ 본ㆍ지점 NH투자증권㈜ 본ㆍ지점④ 일반청약자는 대표주관회사 인수회사를 통해 청약하여야 하고 한 청약취급처 내에서의 이중청약은 불가하며 각 청약취급처별 복수청약은 가능합니다
272450,2 수요예측에 관한 사항제1부 모집 또는 매출에 관한 사항I 모집 또는 매출에 관한 일반사항3 공모가격 결정방법다
272450,수요예측에 관한 사항부분을 참고하시기 바랍니다
272450,다
272450,청약방법1 청약의 개요모든 청약자는 금융실명거래 및 비밀보장에 관한 법률에 의한 실명자이어야 하며 해당 청약사무취급처에 소정의 주식청약서를 청약증거금단 기관투자자의 경우 청약증거금이 면제됨과 함께 제출하여야 합니다
272450,단 해외 기관투자자는 대표주관회사가 정하는 방법에 따릅니다
272450,2 우리사주조합의 청약우리사주조합의 청약은 대표주관회사인 미래에셋대우㈜에 우리사주조합장 명의로 합니다
272450,3 일반청약자의 청약일반청약자는 해당 청약사무취급처에서 사전에 정하여 공시하는 청약방법에 따라 청약기간에 소정의 주식청약서를 작성하여 청약증거금과 함께 이를 해당 청약사무취급처에 제출하여야 합니다
272450,한 청약사무취급처 내에서의 이중청약은 불가하며 각 청약사무취급처별 복수청약은 가능합니다
272450,청약사무취급처 미래에셋대우㈜ 본ㆍ지점 삼성증권㈜ 본ㆍ지점 케이비증권㈜ 본ㆍ지점 한국투자증권㈜ 본ㆍ지점 NH투자증권㈜ 본ㆍ지점4 일반청약자의 청약자격일반청약자의 청약자격은 청약사무취급처인 미래에셋대우㈜ 본ㆍ지점 삼성증권㈜ 본ㆍ지점 케이비증권㈜ 본ㆍ지점 한국투자증권㈜ 본ㆍ지점 NH투자증권㈜ 본ㆍ지점의 일반청약자 청약자격에 따르며 증권신고서 제출일 현재 청약자격은 아래와 같습니다
272450,동 청약자격은 향후 변경 될 수 있으므로 청약자격이 변경이 되는 경우는 각 청약사무취급처 홈페이지를 통하여 고지합니다
272450,우대가능여부를 파악하여 제공해 드립니다
272450,일반청약자의 경우 일반ㆍ우대고객이 아닌 온라인전용 고객의 경우 청약한도의 50인 2400주 일반 고객의 경우 청약한도의 100인 4800주 우대 고객의 경우 청약한도의 200인 9600주를 청약한도로 합니다
272450,일반청약자 최고청약한도는 3840주이나 NH투자증권㈜의 우대기준 및 청약단위에 따라 1920주05배 5760주15배 7680주2배 9600주25배까지 청약 가능합니다
272450,5 일반청약자의 청약한도 및 청약단위일반청약자는 미래에셋대우㈜ 삼성증권㈜ 케이비증권㈜ 한국투자증권㈜ NH투자증권㈜에서 청약이 가능합니다
272450,청약단위는 아래와 같으며 기타 사항은 투명하고 공정하게 정하여 공시한 방법에 의합니다
272450,단 청약단위와 상이한 청약수량은 그 청약수량의 바로 하위 청약단위에 해당하는 청약수량만큼 청약한 것으로 간주합니다
272450,미래에셋대우㈜의 일반청약자에 대한 배정물량 최고 청약한도 청약증거금 및 청약단위는 아래와 같습니다
272450,삼성증권㈜의 일반청약자에 대한 배정물량 최고 청약한도 청약증거금 및 청약단위는 아래와 같습니다
272450,케이비증권㈜의 일반청약자에 대한 배정물량 최고 청약한도 청약증거금 및 청약단위는 아래와 같습니다
272450,한국투자증권㈜의 일반청약자에 대한 배정물량 최고 청약한도 청약증거금 및 청약단위는 아래와 같습니다
272450,NH투자증권㈜의 일반청약자에 대한 배정물량 최고 청약한도 청약증거금 및 청약단위는 아래와 같습니다
272450,★ NH투자증권㈜의 일반청약자 최고청약한도는 3840주이나 NH투자증권㈜의 우대기준 및 청약단위에 따라 1920주05배 5760주15배 7680주2배 9600주25배까지 청약 가능합니다
272450,우대기준에 관한 사항은 제1부 모집 또는 매출에 관한사항  Ⅰ 모집 또는 매출에관한 일반사항  4 모집 또는 매출절차 등에 관한 사항  다
272450,청약방법 4 일반청약자의 청약 자격을 참고하시기 바랍니다
272450,주 1000주 초과 2000주 이하일 경우 청약단위는 200주이나 우대기준에 따라 1920주05배의 청약이 가능하고 2000주 초과 5000주 이하일 경우 청약단위는500주이나 우대기준에 따라 3840주1배의 청약이 가능하며 5000주 초과 9600주 이하일 경우 청약단위는 1000주이나 우대기준에 따라 5760주15배 7680주2배 9600주25배의 청약이 가능합니다
272450,아래증권 인수업무 등에 관한 규정제9조 제4항 각호의 1에 해당하는 자가 청약을 한 경우에는 그 전부를 청약하지 아니한 것으로 보아 배정하지 아니합니다
272450,다만 증권 인수업무 등에 관한 규정제9조 제4항 제4호 및 제5호에 해당하는 자가 배정받은 주식에 대해 6개월 이상의 의무보유를 확약하거나 제5호의 창업투자회사등이 일반청약자의 자격으로 청약하는 경우에는 그러하지 아니합니다
272450,④ 제1항에 불구하고 기업공개를 위한 공모주식을 배정함에 있어 대표주관회사는 다음 각 호의 어느 하나에 해당하는 자에게 공모주식을 배정하여서는 아니 된다
272450,다만 제4호 및 제5호에 해당하는 자가 배정받은 주식에 대해 6개월 이상의 의무보유를 확약하거나 제5호의 창업투자회사등이 일반청약자의 자격으로 청약하는 경우에는 그러하지 아니하다
272450,2 발행회사의 이해관계인 다만 제2조제9호의 가목 및 라목의 임원을 제외한다
272450,1 공모주식 배정비율① 우리사주조합  전체 공모주식의 2002400000주를 우선배정합니다
272450,② 기관투자자고위험고수익투자신탁 포함  전체 공모주식의 6007200000주를 배정합니다
272450,③ 일반청약자  전체 공모주식의 2002400000주를 배정합니다
272450,④ 상기 ① ② ③ 항의 청약자 유형군에 따른 배정 비율은 기관투자자에 대한 수요예측 결과에 따라 청약일 전에 변경될 수 있습니다
272450,한편 상기 청약자 유형군에 따른 배정분 중 청약 미달 잔여주식이 있는 경우에는 이를 초과청약이 있는 다른 항의 배정분에 합산하여 배정합니다
272450,2 배정 방법청약 결과 공모주식의 배정은 수요예측 결과 결정된 확정공모가액으로 대표주관회사미래에셋대우㈜와 발행회사인 ㈜진에어가 사전에 총액인수계약서 상에서 약정한 배정기준에 의거 다음과 같이 배정합니다
272450,① 우리사주조합의 청약에 대한 배정은 우선배정주식수 내에서 청약한 주식수대로 배정합니다
272450,② 일반청약자의 청약에 대한 배정은 청약주식수에 비례하여 안분배정합니다
272450,다만 일반청약자의 청약증거금이 배정수량금액에 미달하는 경우 일반청약자는 동 미달금액을 배정일에 추가납입하여야 하며 그렇지 않은 경우 청약증거금에 해당하는 수량만 배정받게 됩니다
272450,추가납입 이후 미청약주식이 발생할 경우에는 인수단 구성원이 총액인수계약서에서 정하는 바에 따라 자기계산으로 인수합니다
272450,또한 일반청약자에 대한 배정결과 발생하는 1주 미만의 단수주는 원칙적으로 5사 6입 등 잔여주식이 최소화되도록 배정합니다
272450,그 결과 발생하는 잔여주식은 총액인수계약서에 따라 인수단 구성원이 자기계산으로 인수하거나 추첨을 통하여 재배정합니다
272450,③ 일반청약자의 최종 청약 후 배정은 미래에셋대우㈜ 삼성증권㈜ 케이비증권㈜ 한국투자증권㈜ NH투자증권㈜가 자체적으로 정한 배정 기준에 따라 개별 배정합니다
272450,④ 기관투자자의 청약에 대한 배정은 수요예측 후 배정받은 물량 범위 내에서 우선배정하되 추가 청약에 대한 배정은 대표주관회사가 자율적으로 결정하여 배정합니다
272450,⑤증권 인수업무 등에 관한 규정 제9조 제4항 각 호아래의 어느 하나에 해당하는 자가 청약하는 경우 그 전부를 청약하지 아니한 것으로 보아 배정하지 아니합니다
272450,3 배정결과의 통지일반청약자에 대한 배정결과 각 청약자에 대한 배정내용 및 초과청약금의 환불 또는미달청약금에 대한 추가납입 등에 관한 배정공고는 2017년 12월 4일 대표주관회사인 미래에셋대우㈜의 홈페이지wwwmiraeassetdaewoocom 인수회사인 삼성증권㈜의 홈페이지httpwwwsamsungpopcom 케이비증권㈜의 홈페이지httpwwwkbseccom 한국투자증권㈜의 홈페이지wwwtruefriendcom NH투자증권㈜의 홈페이지wwwnhqvcom에 게시함으로써 개별통지에 갈음합니다기관투자자고위험고수익투자신탁 포함의 경우에는 수요예측을 통하여 물량을 배정받은 내역과 청약내역이 다른 경우에 한하여 개별통지합니다
272450,① 본 청약에 참여하고자 하는 투자자는 청약 전 반드시 투자설명서를 교부받은 후 교부확인서에 서명하여야 하며 투자설명서를 교부받지 않고자 할 경우 투자설명서 수령거부 의사를 서면 등으로 표시하여야 합니다
272450,② 투자설명서 교부를 받지 않거나 수령거부 의사를 서면 등으로 표시하지 않을 경우 본 청약에 참여할 수 없습니다
272450,나 투자설명서의 교부를 원하지 않는 경우자본시장과 금융투자업에 관한 법률시행령 제132조 및 금융투자회사의 영업 및 업무에 관한 규정 제25조 제2항에 의거 투자설명서 교부를 원하지 않는 경우에는 반드시 대표주관회사인 미래에셋대우㈜ 및 인수회사인 삼성증권㈜ 케이비증권㈜ 한국투자증권㈜ NH투자증권㈜에 투자설명서의 교부를 거부한다는 의사를 서면 전화 전신 전자우편 및 이와 비슷한 전자통신 그밖에 금융위원회가 정하여 고시하는 방법으로 표시하여야 청약이 가능합니다
272450,2 투자설명서 교부 의무의 주체총액인수계약서에 의거 금번 청약에 대한 투자설명서 교부 의무는 발행회사인 ㈜진에어 대표주관회사인 미래에셋대우㈜ 및 인수회사인 삼성증권㈜ 케이비증권㈜ 한국투자증권㈜ NH투자증권㈜에 있습니다
272450,다만 투자설명서 교부의 효율성 제고를 위해 실제 투자설명서 교부는 청약사무취급처인 미래에셋대우㈜ 본ㆍ지점 삼성증권㈜ 본ㆍ지점 케이비증권㈜ 본ㆍ지점 한국투자증권㈜ 본ㆍ지점 NH투자증권㈜ 본ㆍ지점에서 상기와 같은 방법으로 수행합니다
272450,① 누구든지 증권신고의 효력이 발생한 증권을 취득하고자 하는 자전문투자자 그 밖에 대통령령으로 정하는 자를 제외한다에게 제123조에 적합한 투자설명서집합투자증권의경우 투자자가 제123조에 따른 투자설명서의 교부를 별도로 요청하지 아니하는 경우에는 제2항제3호에 따른 간이투자설명서를 말한다
272450,이하 이 항 및 제132조에서 같다를 미리 교부하지 아니하면 그 증권을 취득하게 하거나 매도하여서는 아니 된다
272450,이 경우 투자설명서가 제436조에 따른 전자문서의 방법에 따르는 때에는 다음 각 호의 요건을 모두 충족하는 때에 이를 교부한 것으로 본다
272450,제132조투자설명서의 교부가 면제되는 자 법 제124조 제1항 각 호 외의 부분 전단에서 대통령령으로 정하는 자란 다음 각 호의 어느 하나에 해당하는 자를 말한다
272450,① 주권교부예정일  청약결과 주식배정 확정 시 대표주관회사 및 인수회사가 공고합니다
272450,② 주권교부장소  각 해당 청약사무취급처에서 교부합니다
272450,③ 상기 ②항에 불구하고 청약자 또는 인수인이 자본시장과 금융투자업에 관한 법률제309조 제5항의 규정에 의하여 동법 제294조의 규정에 의한 한국예탁결제원을명의인으로 하여 주식의 발행을 신청한 경우에는 당해 청약자 또는 인수인에게 배정된 주식은 한국예탁결제원 명의로 일괄 발행되며 이 경우 발행주권은 청약사무취급처의 청약자 또는 인수인의 계좌에 자동입고 됩니다
272450,2 주권교부일 이전의 주식양도의 효력에 관한 사항본 주권교부일 이전의 주식양도는 발행회사에 대하여 효력이 없습니다
272450,다만 자본시장과 금융투자업에 관한 법률제311조 제4항에 의거 주권발행 전에 증권시장에서의 매매거래를 투자계좌부 또는 예탁자계좌부상 계좌간 대체의 방법으로 결제하는경우에는 상법 제335조 제3항의 규정에도 불구하고 발행회사에 대하여 그 효력이 있습니다
272450,3 신주인수권증서에 관한 사항금번 유가증권시장 상장공모는 기존 주주의 신주인수권을 배제한 일반공모 방식이므로신주인수권증서를 발행하지 않습니다
272450,4 정보이용제한대표주관회사인 미래에셋대우㈜ 및 인수회사인 삼성증권㈜ 케이비증권㈜ 한국투자증권㈜ NH투자증권㈜는 총액인수계약의 이행과 관련하여 입수한 정보 등을 제3자에게 누설하거나 발행회사의 경영개선 이외의 목적에 이용하여서는 아니됩니다
272450,5 한국거래소 상장예비심사신청 승인에 관한 사항당사는 2017년 8월 25일 한국거래소에 상장예비심사신청서를 제출하여 2017년 10월 30일 상장예비심사신청서에 대한 심사 결과 상장에 부적합하다고 인정될 만한 사항이 없음을 통지 받았습니다
272450,6 주권의 매매개시일주권의 신규상장 및 매매개시일은 아직 확정되지 않았으며 향후 일정이 확정되는 대로 한국거래소 공시시스템을 통하여 안내할 예정입니다
272450,7 환매청구권증권 인수업무 등에 관한 규정이 2016년 12월 13일에 개정됨에 따라 동 규정 제10조의3 제1항 각 호의 어느 하나에 해당할 경우 인수회사는 일반청약자에게 환매청구권을 부여하여야 하나 당사는 금번 공모 시 동 규정 제10조의3 제1항을 적용하지 않음에 따라 환매청구권을 부여하지 않습니다
272450,자세한 사항은제1부 모집 또는 매출에 관한 사항III 투자위험요소3 기타위험자 일반청약자의 환매청구권부분을 참조하시기 바랍니다
272450,기타의 사항1 회사와 인수인간 특약사항당사는 금번 공모와 관련하여 대표주관회사인 미래에셋대우㈜ 및 인수회사인 삼성증권㈜ 케이비증권㈜ 한국투자증권㈜ NH투자증권㈜와 체결한 총액인수계약서에 따라 총액인수계약일로부터 본 주식이 상장된 이후 6개월까지 대표주관회사의 사전 서면동의 없이는 본 계약서에 의한 본 주식을 대표주관회사에게 매각하는 것 이외로 본 주식 또는 전환사채 등 주식과 연결된 증권을 발행하거나 직ㆍ간접적으로 매수 또는 매도를 하지 않습니다
272450,단 본 계약 이전에 발행한 전환사채 또는 기타 주식의 발행의무가 있는 증권주식매입선택권 포함에 대한 주식발행 및 주식배당에 의한 주식발행과 매도는 제외합니다
272450,당사는 상기 기간 동안 발행회사의 임원과 최대주주 등이 대표주관회사의 사전 서면동의 없이 본 계약서에 의한 본 주식을 대표주관회사에게 매각하는 것 이외로 발행회사의 주식을 직ㆍ간접적으로 매매하거나 담보제공 등 제3자와의 거래를 하지 않도록 합니다
272450,2 회사와 주관회사 간 중요한 이해관계대표주관회사인 미래에셋대우㈜는증권 인수업무 등에 관한 규정제6조공동주관회사 제1항에 해당하는 사항이 없습니다
272450,① 금융투자회사는 자신과 자신의 이해관계인이 합하여 100분의 5 이상의 주식등을 보유하고 있는 회사의 기업공개 또는 장외법인공모를 위한 주관회사 업무를 수행하는 경우 다른 금융투자회사해당 발행회사와 이해관계인에 해당하지 아니하면서 해당 발행회사의 주식등을 보유하고 있지 아니한 금융투자회사를 말한다와 공동으로 하여야 한다
272450,다만 다음 각 호의 어느 하나에 해당하는 기업의 기업공개를 위한 주관회사업무를 수행하는 경우에는 그러하지 아니하다
272450,2 외국 기업주식등의 보유를 통하여 외국 기업의 사업활동을 지배하는 것을 주된 목적으로 하는 국내법인을 포함한다
272450,이하 같다
272450,② 제1항에 따른 주식등의 보유비율 산정에 관하여는 법 시행규칙 제14조제1항을 준용한다
272450,③ 제2항에 불구하고 금융투자회사가 한국거래소의 코스닥시장 상장규정제26조제6항제2호에 따라 취득하는 코스닥시장 상장법인코스닥시장 상장예정법인을 포함한다이 발행하는 주식 및 코넥스시장 상장규정에 따른 지정자문인 계약을 체결하고 해당 계약의 효력이 유지되는 상태에서 취득하는 코넥스시장 상장법인코넥스시장 상장예정법인을 포함한다이 발행하는 주식은 제1항에 따른 주식등의 보유비율 산정에 있어 보유한 것으로 보지 아니한다
272450,④ 제2항에 불구하고 금융투자회사 또는 금융투자회사의 이해관계인이 다음 각 호의 어느 하나이하 이항에서 조합등이라 한다에 출자하고 해당 조합등이 발행회사의 주식등을 보유하고 있거나 발행회사 또는 발행회사의 이해관계인이 조합등에 출자하고 해당 조합등이 금융투자회사의 주식등을 보유하고 있는 경우에는 해당 조합등에 출자한 비율만큼 주식등을 보유한 것으로 본다
272450,4 법 제268조에 따라 금융위원회에 등록된 사모투자전문회사사모투자전문회사가 금융투자회사 또는 발행회사의 이해관계인이 아닌 경우에 한한다
272450,당사는 금번 공모와 관련하여증권 인수업무 등에 관한 규정 제10조의3 제1항에 해당하지 않기 때문에 일반청약자에 대한 환매청구권을 부여하지 않습니다
272450,① 기업공개국내외 동시상장공모를 위한 기업공개는 제외한다를 위한 주식의 인수회사는 다음의 어느 하나에 해당하는 경우 일반청약자에게 공모주식을 인수회사에 매도할 수 있는 권리이하 환매청구권이라 한다를 부여하고 일반청약자가 환매청구권을 행사하는 경우 증권시장 밖에서 이를 매수하여야 한다
272450,② 인수회사가 일반청약자에게 제1항의 환매청구권을 부여하는 경우 다음 각 호의 요건을 모두 충족하여야 한다
272450,2 인수회사의 매수가격  공모가격의 90이상 다만 일반 청약자가 환매청구권을 행사한 날 직전 매매거래일의 주가지수가 상장일 직전 매매거래일의 주가지수에 비하여 10를 초과하여 하락한 경우에는 다음 산식에 의하여 산출한 조정가격 이상 이 경우 주가지수는 한국거래소가 발표하는 코스피지수 코스닥지수 또는 발행회사가 속한 산업별주가지수 중 대표주관회사가 정한 주가지수를 말한다
272450,6 기타 공모 관련 서비스 내역당사는 금번 유가증권시장 상장을 위한 공모와 관련하여 인수인이 아닌 자로부터 인수회사 탐색 중개 모집 또는 매출의 주선 공모가격 또는 공모조건에 대한 컨설팅 증권신고서 작성 등과 관련한 서비스를 제공받은 사실이 없습니다
272550,나 모집의 방법 등금번 ㈜삼양패키징의 유가증권시장 상장을 위한 공모는 100 구주매출로 진행되므로 나 모집의 방법 등은 해당사항 없습니다
272550,사자본시장과 금융투자업에 관한 법률 제8조 제7항의 금융투자업자 중 아목 이외의 자이 규정 제2조 제18호에 따른 고위험고수익투자신탁으로 수요예측등에 참여하는 경우에 한한다
272550,고위험고수익투자신탁이란 조세특례제한법 제91조의15 제1항 및자본시장과 금융투자업에 관한 법률에 따른 집합투자기구 투자일임재산 또는 특정금전신탁으로서 다음 각호의 요건을 모두 갖춘 것을 말합니다
272550,① 해당 투자신탁등의 설정일ㆍ설립일로부터 3개월마다 비우량채권과 코넥스 상장주식을 합한 평균보유비율이 100분의 45 이상이고 이를 포함한 국내채권의 평균보유비율이 100분의 60 이상일 것 이 경우 평균보유비율은 비우량채권과 코넥스 상장주식 국내채권 각각의 평가액이 투자신탁등의 평가액에서 차지하는 매일의 비율이하 이 조에서 일일보유비율이라 한다을 3개월 동안 합산하여 같은 기간의 총일수로 나눈 비율로 한다
272550,② 국내 자산에만 투자할 것다만 증권 인수업무 등에 관한 규정 제2조 제18호에 의거 해당 투자신탁 등의 설정일ㆍ설립일부터 배정일까지의 기간이 6개월 미만일 경우에는 배정 시점에 비우량채권과 코넥스 상장주식을 합한 보유비율이 100분의 45 이상이고 이를 포함한 국내 채권의 보유비율이 100분의 60 이상이어야 합니다
272550,대표주관회사는 기관투자자가 본 수요예측에 고위험고수익투자신탁으로 참여하는 경우 증권 인수업무 등에 관한 규정 제2조 제18호에 따른 고위험고수익투자신탁임을 확약하는 확약서 및 신탁자산 구성내역을 기재한 수요예측 참여명세서를 징구하며 요청받은 기관투자자가 해당 서류를 미제출할 경우 배정에서 불이익을 받을 수 있습니다
272550,투자일임회사는 투자일임계약을 체결한 투자자가 다음 각 호의 요건을 모두 충족하는 경우에 한하여 투자일임재산으로 금번 수요예측에 참여할 수 있습니다
272550,대표주관회사는 기관투자자가 본 수요예측에 투자일임회사로 참여하는 경우 위 요건에 해당하는 투자일임회사임을 확약하는 확약서 및 투자일임재산 구성내역을 기재한 수요예측 참여명세서를 징구하며 요청 받은 기관투자자가 해당 서류를 미제출할 경우 배정에서 불이익을 받을 수 있습니다
272550,부동산신탁회사는 고유재산으로만 기업공개를 위한 수요예측에 참여할 수 있습니다
272550,가 공모가격 결정 절차금번 ㈜삼양패키징의 유가증권시장 상장 공모를 위한 공모가격은증권 인수업무 등에 관한 규정 제5조주식의 공모가격 결정 등에서 정하는 수요예측에 의한 방법에 따라 결정됩니다
272550,한편 수요예측을 통한 개략적인 공모가격 결정 절차는 다음과 같습니다
272550,나 공모가격 산정 개요대표주관회사인 한국투자증권㈜는 ㈜삼양패키징의 영업 현황 산업전망 및 주식시장 현황 등을 고려하여 희망공모가액을 다음과 같이 제시하였습니다
272550,1 상기 도표에서 제시한 희망공모액의 범위는 ㈜삼양패키징의 절대적 평가 가치가 아니며 향후 국내ㆍ외 시장상황 산업위험 및 재무 위험의 변화 등 다양한 제반 요인의 영향으로 예측 정보는 변동될 수 있습니다
272550,2 금번 ㈜삼양패키징의 유가증권시장 상장 공모를 위한 확정 공모가액은 수요예측결과 및 주식시장 상황 등을 감안하여 대표주관회사와 발행회사가 협의하여 26000원으로 결정하였습니다
272550,3 공모희망가액 산정과 관련된 구체적인 내용은 제1부 모집 또는 매출에 관한 사항  Ⅳ 인수인의 의견분석기관의 평가의견  4 공모가격에 대한 의견을 참고하시기 바랍니다
272550,마 자본시장과 금융투자업에 관한 법률 제8조 제6항의 금융투자업자이하 투자일임회사라 한다
272550,사자본시장과 금융투자업에 관한 법률 제8조 제7항의 금융투자업자 중 아목 이외의 자이 규정 제2조 제18호에 따른 고위험고수익투자신탁으로 수요예측 등에 참여하는 경우에 한한다
272550,아 금융투자업규정 제34조 제1항의 부동산신탁업자이하 부동산신탁회사라 한다
272550,고위험고수익투자신탁이란 조세특례제한법 제91조의15 제1항에 따른 투자신탁 등을 말하며 자본시장과 금융투자업에 관한 법률에 따른 집합투자기구 투자일임재산 또는 특정금전신탁으로서 다음 각호의 요건을 모두 갖춘 것을 말합니다
272550,① 해당 투자신탁등의 설정일ㆍ설립일로부터 3개월마다 비우량채권과 코넥스 상장주식을 합한 평균보유비율이 100분의 45 이상이고 이를 포함한 국내채권의 평균보유비율이 100분의 60 이상일 것 이 경우 평균보유비율은 비우량채권과 코넥스 상장주식 국내채권 각각의 평가액이 투자신탁 등의 평가액에서 차지하는 매일의 비율을 3개월 동안 합산하여 같은 기간의 총일수로 나눈 비율로 한다
272550,② 국내 자산에만 투자할 것다만 증권 인수업무 등에 관한 규정 제2조 제18호에 의거 해당 투자신탁 등의 설정일설립일로부터 배정일까지의 기간이 6개월 미만일 경우에는 배정 시점에 비우량채권과 코넥스 상장주식을 합한 보유비율이 100분의 45 이상이고 이를 포함한 국내 채권의 보유비율이 100분의 60 이상이어야 합니다
272550,기관투자자 중 마목 자본시장과 금융투자업에 관한 법률 제8조 제6항의 금융투자업자는 투자일임계약을 체결한 투자자가 다음 조건을 모두 충족하는 경우에 한하여 투자일임재산으로 기업공개를 위한 수요예측에 참여할 수 있습니다
272550,다만 제2조 제18호에 따른 고위험고수익투자신탁의 경우에는 제1호 및 제4호를 적용하지 아니합니다
272550,투자일임회사는 투자일임재산으로 수요예측에 참여하는 경우 다음 조건이 모두 충족됨을 확인하여야 하며 이에 대한 확약서를 대표주관회사에 제출하여야 합니다
272550,대표주관회사는 동 서류와 관련하여 추가 서류를 요청할 수 있으며 요청 받은 기관투자자가 해당 서류를 미제출할 경우 배정에서 불이익을 받을 수 있습니다
272550,대표주관회사는 본 수요예측에 참여한 해외 기관투자자의 경우 상기 바목에 해당하는 투자자임을 입증할 수 있는 서류를 요청할 수 있으며 요청받은 해외투자자가 해당 서류를 제출하지 않을 경우 배정에서 불이익을 받을 수 있습니다
272550,대표주관회사는 기관투자자가 본 수요예측에 고위험고수익투자신탁으로 참여하는 경우 사목에 따른 고위험고수익투자신탁임을 확약하는 확약서를 징구하며 동 서류와 관련하여 추가 서류를 요청할 수 있으며 요청 받은 기관투자자가 해당 서류를 미제출할 경우 배정에서 불이익을 받을 수 있습니다
272550,대표주관회사는 기관투자자가 본 수요예측에 투자일임회사로 참여하는 경우 마목에 따른 투자일임회사임을 확약하는 확약서를 징구하며 동 서류와 관련하여 추가 서류를 요청할 수 있으며 요청받은 기관투자자가 해당 서류를 미제출할 경우 배정에서 불이익을 받을 수 있습니다
272550,6 수요예측 참여방법대표주관회사인 한국투자증권㈜의 홈페이지를 통해 인터넷 접수를 받으며 서면으로는 접수받지 않습니다
272550,다만 대표주관회사의 홈페이지 문제로 인해 인터넷 접수가 불가능할 경우에는 보완적으로 유선 Fax Email 등의 방법에 의해 접수를 받습니다
272550,ⓐ 수요예측에 참여하고자 하는 기관투자자는 수요예측 참여 이전까지 한국투자증권㈜에 본인 명의의 위탁계좌가 개설되어 있어야 합니다
272550,또한 집합투자회사의 경우 집합투자재산과 고유재산 고위험고수익투자신탁 투자일임재산을 구분하여 접수해야 하며 접수 시 각각 개별 계좌로 참여해야 합니다
272550,ⓑ 비밀번호 5회 입력 오류 시에는 소정의 서류를 지참하여 수요예측에 참여한 증권사의 영업점을 방문하여 비밀번호를 변경하여야 하오니 수요예측 참여 전에 반드시 비밀번호를 확인하신 후 참여하시기 바랍니다
272550,ⓒ 수요예측 참여 내역은 수요예측 마감시간 이전까지 정정 또는 취소가 가능하며 최종 접수된 참여내역만을 유효한 것으로 간주합니다
272550,ⓓ 집합투자회사의 경우 집합투자재산과 고유재산 고위험고수익투자신탁 투자일임재산을 구분하여 접수하셔야 하며 집합투자재산의 경우 펀드별 참여내역을 통합하여 참여하셔야 합니다
272550,한편 대표주관회사는 수요예측 후 물량 배정 시 당해 집합투자재산과 고유재산 고위험고수익투자신탁 투자일임재산을 구분하여 배정하며 집합투자재산의 펀드별 물량 배정은 각각의 집합투자회사가 자체적으로 마련한 기준에 의해 자율적으로 배정하여야 합니다
272550,ⓔ 또한 집합투자회사 참여분 중 집합투자재산 고위험고수익투자신탁 투자일임재산의 경우 펀드명 펀드설정금액 펀드별 참여현황 등을 기재한 수요예측참여 총괄집계표를 수요예측 인터넷 접수 시 Excel 파일로 첨부하여야 합니다
272550,ⓕ 고위험고수익투자신탁은 대표주관회사인 한국투자증권㈜의 홈페이지를 통한 수요예측 참여 시 증권 인수업무 등에 관한 규정 제2조 18호에 해당하는 고위험고수익투자신탁임을 입증할 수 있는 펀드명 펀드설정금액 펀드별 참여현황 등을 기재한 수요예측참여 총괄집계표 및 고위험고수익투자신탁 확약서를 첨부하여야 합니다
272550,ⓖ 투자일임회사는 대표주관회사인 한국투자증권㈜의 홈페이지를 통한 수요예측 참여 시 증권 인수업무 등에 관한 규정 제5조의2 제1항의 각호에 해당하는 투자일임회사임을 입증할 수 있는 펀드명 펀드설정금액 펀드별 참여현황 등을 기재한 수요예측참여 총괄집계표 및 투자일임회사 확약서를 첨부하여야 합니다
272550,ⓗ 금융투자업규정 제34조 제1항의 부동산신탁회사는 고유재산으로만 기업공개를 위한 수요예측에 참여할 수 있습니다
272550,① 수요예측 마감시간 이후에는 수요예측 참여정정취소가 불가능하오니 접수 마감시간을 엄수해주시기 바랍니다
272550,② 수요예측 참가자는 수요예측 인터넷 참여 이전까지 대표주관회사 한국투자증권㈜에 본인 명의의 위탁계좌가 개설되어 있어야 합니다
272550,특히 수요예측에 참여하고자 하는 기관투자자는 수요예측 참여 이전까지 한국투자증권㈜에 본인 명의의 위탁계좌가 개설되어 있어야 합니다
272550,또한 집합투자회사의 경우 집합투자재산 고유재산 고위험고수익투자신탁 투자일임재산을 각각 구분하여 접수해야 하며 접수 시 각각 개별 계좌로 참여하여야 합니다
272550,③ 참가신청수량이 각 수요예측 참여자별 최고 한도를 초과할 때에는 최고 한도로 참가한 것으로 간주합니다
272550,④ 수요예측 참여 시 입력또는 확인된 참여기관의 기본정보에 허위의 내용이 있을 경우 참여 자체를 무효로 하며 불성실 수요예측참여자로 관리합니다
272550,다만 집합투자기구의 경우 일반 펀드가입자의 피해 방지를 위하여 펀드에서 미청약이나 주금 미납입이 발생한 경우에도 불성실 수요예측 참여자로 지정하지 아니하고 제재금을 부과합니다
272550,단 해당 사유발생일 직전 1년 이내에 불성실 수요예측 참여행위가 있었던 경우에는 제재금 부과를 적용하지 아니하고 불성실 수요예측 참여자로 지정합니다
272550,⑤ 본 수요예측에 참여한 고위험고수익투자신탁은 증권 인수업무 등에 관한 규정 제2조 제18호에 해당하는 고위험고수익투자신탁임을 입증할 수 있는 펀드명 펀드설정금액 펀드별 참여현황 등을 기재한 수요예측참여 총괄집계표 및 고위험고수익투자신탁 확약서를 첨부하여야 합니다
272550,본 수요예측에 참여한 투자일임회사는 증권 인수업무 등에 관한 규정 제5조의2의 제1항의 각호에 해당하는 투자일임회사임을 입증할 수 있는 펀드명 펀드설정금액 펀드별 참여현황 등을 기재한 수요예측참여 총괄집계표 및 투자일임회사 확약서를 첨부하여야 합니다
272550,⑥ 수요예측 참여 시 의무보유를 확약한 기관투자자는 의무보유 확약기간이 종료된 후 1주일 이내에 매매개시일로부터 의무보유 확약기간까지의 일별 잔고내역서를 대표주관회사에 제출하여 의무보유 확약기간 동안 동 주식의 거래가 없었음을 증명하여야 합니다
272550,한편 상기 서류를 제출하지 않거나 기일 내에 제출하지 않을 경우 불성실 수요예측참여자로 지정될 수 있음을 유의하시기 바랍니다
272550,⑦ 집합투자회사의 경우 집합투자재산 고유재산과 고위험고수익투자신탁 투자일임재산을 구분하여 각각 개별 계좌로 신청해야 하며 집합투자재산 고위험고수익투자신탁 투자일임재산에 대해서는 각각의 펀드별 참여내역을 통합하여 구분별로는 동일한 가격으로 수요예측에 참여해야 합니다
272550,또한 각 펀드의 경우 수요예측일 현재 약관 승인 및 설정이 완료된 경우에 한하며 해당 펀드의 종목별 편입한도 만기일 등은 사전에 자체적으로 확인한 후 신청하여 주시기 바랍니다
272550,⑧ 수요예측 인터넷 참여를 위한 사업자투자 등록번호 위탁 계좌번호 및 계좌 비밀번호 관리의 책임은 전적으로 기관투자자 본인에게 있으며 사업자투자 등록번호 위탁 계좌번호 및 계좌 비밀번호 관리 부주의로 인해 발생되는 문제에 대한 책임은 당해 기관투자자에게 있음을 유의하시기 바랍니다
272550,⑨ 기타 수요예측 참여와 관련한 유의사항은 한국투자증권㈜ 홈페이지 httpwwwtruefriendcom ⇒ 상단 메뉴 투자정보 ⇒ IPO ⇒ 수요예측에서 확인하시기 바랍니다
272550,9 확정공모가액 결정방법수요예측 결과 및 주식시장 상황 등을 감안하여 대표주관회사 및 발행회사가 협의하여 확정공모가액을 결정합니다
272550,대표주관회사 및 발행회사는 수요예측 참여자의 성향 및 가격 평가능력 등을 감안하여 공모가격 결정 시 가중치를 달리할 수 있습니다
272550,또한 과도하게 높거나 낮은 참여가격은 공모가격 결정 시 배제하거나 낮은 가중치를 부여할 수 있으며 가격을 제시하지 않은 수요예측 참여자는 공모가격 결정 시 제외됩니다
272550,10 물량배정방법확정공모가액 이상의 가격을 제시한 수요예측 참여자들을 대상으로 참여가격 및 참여자의 질적인 측면운용규모 및 가격분석능력 투자 및 매매 성향 의무보유 확약기간 공모 참여실적 등 수요예측에 대한 기여도 등 등을 종합적으로 고려한 후 대표주관회사가 자율적으로 배정물량을 결정합니다
272550,한편 대표주관회사는 집합투자회사에 대하여 물량 배정 시 집합투자재산 고유재산 고위험고수익투자신탁 투자일임재산을 각각 구분하여 배정하며 집합투자재산의 펀드별 물량배정은 각각의 집합투자회사가 자체적으로 마련한 기준에 의해 자율적으로 배정하여야 합니다
272550,고위험고수익투자신탁의 경우 자산총액의 100분의 20 이내의 범위에서 물량을 배정하며 이 경우 자산총액은 해당 고위험고수익투자신탁을 운용하는 기관투자자가 제출하는 자료를 기준으로 합니다
272550,11 수요예측 대상 주식의 배정결과 통보① 대표주관회사는 최종 결정된 확정공모가액을 한국투자증권㈜ 홈페이지httpwwwtruefriendcom에 게시합니다
272550,② 기관별 배정물량은 수요예측 참여기관이 개별적으로 한국투자증권㈜ 홈페이지 httpwwwtruefriendcom ⇒ 상단 메뉴 투자정보 ⇒ IPO ⇒ 수요예측 ⇒ 수요예측 참여결과내역에 접속한 후 배정물량을 직접 확인하여야 하며 이를 개별 통보한 것으로 갈음합니다
272550,6 청약주식 단위① 우리사주조합 및 기관투자자의 청약단위는 1주로 합니다
272550,② 일반청약자는 대표주관회사인 한국투자증권㈜의 본ㆍ지점에서 청약이 가능합니다
272550,③ 1인당 청약한도 청약단위는 아래와 같으며 기타사항은 한국투자증권㈜가 투명하고 공정하게 정하여 공시한 방법에 의합니다
272550,단 청약단위와 상이한 청약수량은 그 청약수량 하위의 청약단위로 청약한 것으로 간주합니다
272550,④ 기관투자자의 청약은 수요예측에 참여하여 물량을 배정받은 수량 단위로 하며 청약미달을 고려하여 추가청약을 하고자 하는 기관투자자는 각 기관별로 법령 등에 의한 투자한도 잔액신청수량  신청가격 또는 최고 청약한도 2757270주로 하여 1주 단위로 추가청약할 수 있습니다
272550,7 일반청약자의 청약자격 및 배정기준일반투자자의 청약자격은 일반청약사무 취급처인 한국투자증권㈜ 본ㆍ지점의 일반투자자 청약자격에 따르며 증권신고서 제출일 현재 청약자격은 아래와 같습니다
272550,청약 자격이 변경되는 경우는 각 청약사무처 홈페이지를 통하여 고지하도록 하겠습니다
272550,일반청약자의 경우 일반ㆍ우대고객이 아닌 온라인전용 고객의 경우 청약한도의 50인 22500주 일반 고객의 경우 청약한도의 100인 45000주 우대 고객의 경우 청약한도의 200인 90000주를 청약한도로 합니다
272550,2 배정 방법청약 결과 공모주식의 배정은 수요예측 결과 결정된 확정공모가액으로 대표주관회사와 ㈜삼양패키징이 사전에 총액인수계약서 상에서 약정한 배정기준에 의거 다음과 같이 배정합니다
272550,3 배정결과의 통지일반청약자에 대한 배정결과 각 청약자에 대한 배정내용 및 초과청약금의 환불 또는 미달청약금에 대한 추가납입 등에 관한 배정공고는 2017년 11월 23일목 일반청약사무처인 한국투자증권㈜ 홈페이지httpwwwtruefriendcom에 게시함으로써 개별통지에 갈음합니다
272550,나 투자설명서의 교부를 원하지 않는 경우자본시장과 금융투자업에 관한 법률 시행령 제132조에 의거 투자설명서 교부를 원하지 않는 경우에는 투자설명서를 받는 것을 거부한다는 의사를 서면 전화 전신 모사전송 전자우편 및 이와 비슷한 전자통신 그밖에 금융위가 정하여 고시하는 방법으로 표시한 자는 투자설명서의 교부없이 청약이 가능합니다
272550,3 투자설명서 교부 의무의 주체총액인수계약서에 의거 금번 청약에 대한 투자설명서 교부 의무는 발행회사인 ㈜삼양패키징과 대표주관회사인 한국투자증권㈜에 있습니다
272550,다만 투자설명서 교부의 효율성 제고를 위해 실제 투자설명서 교부는 청약취급처인 한국투자증권㈜의 본ㆍ지점에서 상기와 같은 방법으로 수행합니다
272550,금번 유가증권시장 상장공모는 기존 주주의 신주인수권을 배제한 일반공모방식구주매출이므로 신주인수권증서를 발행하지 않습니다
272550,4 정보이용제한대표주관회사인 한국투자증권㈜는 총액인수계약의 이행과 관련하여 입수한 정보 등을 제3자에게 누설하거나 발행회사의 경영개선 이외의 목적에 이용하여서는 아니됩니다
272550,5 주권의 매매개시일주권의 신규상장 및 매매개시일은 아직 확정되지 않았으며 향후 일정이 확정되는 대로 한국거래소 시장 공시시스템을 통하여 안내할 예정입니다
272550,다
272550,기타의 사항1 회사와 인수인 간 특약사항당사는 금번 공모와 관련하여 대표주관회사인 한국투자증권㈜와 체결한 총액인수계약일로부터 유가증권시장 상장 후 6개월간 인수회사의 사전 서면동의 없이는 주식 또는 전환사채 등 주식과 연계된 증권을 발행하거나 직ㆍ간접적으로 매수 또는 매도를 하지 않습니다
272550,또한 당사의 최대주주 및 그 특수관계인은 유가증권시장 상장규정에 따라 상장 예비심사신청 시 제출한 계속보유확약서에 의거하여 상장일로부터 6개월간 그 소유 주식을 한국예탁결제원에 보관하며 유가증권시장 상장법인의 경쟁력 향상이나 지배구조의 개선을 위한 기업인수 합병 등 한국거래소가 필요하다고 인정하는 경우 이외에는 그 주식을 인출하거나 매각할 수 없으며 보관 인출 또는 매각의 방법 및 절차 등에 관하여는 위의 확약서에 정하는 바에 따릅니다
272550,2 회사와 주관회사 간 중요한 이해관계대표주관회사인 한국투자증권㈜는증권 인수업무 등에 관한 규정 제6조공동주관회사 제1항에 해당하는 사항이 없습니다
272550,제6조공동주관회사① 금융투자회사는 자신과 자신의 이해관계인이 합하여 100분의 5 이상의 주식등을 보유하고 있는 회사의 기업공개 또는 장외법인공모를 위한 주관회사 업무를 수행하는 경우 다른 금융투자회사해당 발행회사와 이해관계인에 해당하지 아니하면서 해당 발행회사의 주식등을 보유하고 있지 아니한 금융투자회사를 말한다와 공동으로 하여야 한다
272550,다만 다음 각 호의 어느 하나에 해당하는 기업의 기업공개를 위한 주관회사업무를 수행하는 경우에는 그러하지 아니하다 1 기업인수목적회사2 외국 기업주식등의 보유를 통하여 외국 기업의 사업활동을 지배하는 것을 주된 목적으로 하는 국내 법인을 포함한다
272550,이하 같다
272550,② 제1항에 따른 주식등의 보유비율 산정에 관하여는 법 시행규칙 제14조제1항을 준용한다
272550,③ 제2항에 불구하고 금융투자회사가 한국거래소의 코스닥시장 상장규정제26조제6항제2호에 따라 취득하는 코스닥시장 상장법인코스닥시장 상장예정법인을 포함한다이 발행하는 주식 및 코넥스시장 상장규정에 따른 지정자문인 계약을 체결하고 해당 계약의 효력이 유지되는 상태에서 취득하는 코넥스시장 상장법인코넥스시장 상장예정법인을 포함한다이 발행하는 주식은 제1항에 따른 주식등의 보유비율 산정에 있어 보유한 것으로 보지 아니한다
272550,④ 제2항에 불구하고 금융투자회사 또는 금융투자회사의 이해관계인이 다음 각 호의 어느 하나이하 이항에서 조합등이라 한다에 출자하고 해당 조합등이 발행회사의 주식등을 보유하고 있거나 발행회사 또는 발행회사의 이해관계인이 조합등에 출자하고 해당 조합등이 금융투자회사의 주식등을 보유하고 있는 경우에는 해당 조합등에 출자한 비율만큼 주식등을 보유한 것으로 본다
272550,4 법 제268조에 따라 금융위원회에 등록된 사모투자전문회사사모투자전문회사가 금융투자회사 또는 발행회사의 이해관계인이 아닌 경우에 한한다
272550,3 초과배정옵션당사는 금번 유가증권시장 상장을 위한 공모에서는 초과배정 옵션 계약을 체결하지 않았습니다
272550,4 일반청약자의 환매청구권금번 공모에서는 증권 인수업무 등에 관한 규정의 일반청약자에게 공모주식을 인수회사에 매도할 수 있는 권리환매청구권가 부여되지 않습니다
272550,5 기타 공모 관련 서비스 내역당사는 금번 유가증권시장 상장을 위한 공모와 관련하여 인수인이 아닌 자로부터 인수회사 탐색 중개 모집 또는 매출의 주선 공모가격 또는 공모조건에 대한 컨설팅 증권신고서 작성 등과 관련한 서비스를 제공받은 사실이 없습니다
92780.,금번 모집에서 기관투자자고위험고수익투자신탁 포함에게 배정된 모집물량은 대표주관회사인 아이비케이투자증권㈜ 을 통하여 청약이 실시됩니다
92780.,기관투자자 증권 인수업무 등에 관한 규정 제2조 제8호에 의한 다음 각 목에 해당하는 자를 말합니다
92780.,가자본시장과 금융투자업에 관한 법률시행령 제10조제2항제1호부터 제10호제8호의 경우 법 제8조제2항부터 제4항까지의 금융투자업자를 말한다
92780.,이하 같다까지 제13호부터 제17호까지 제3항 제3호제 10호부터 제13호까지의 전문투자자나자본시장과 금융투자업에 관한 법률제182조에 따라 금융위원회에 등록되거나 법 제 249조의6에 따라 금융위원회에 보고된 집합투자기구다
92780.,국민연금법에 의하여 설립된 국민연금공단라우정사업본부 직제에 따른 우정사업본부마자본시장과 금융투자업에 관한 법률제8조제6항의 금융투자업자 바 가목부터 마목에 준하는 법인으로 외국법령에 의하여 설립된 자사자본시장과 금융투자업에 관한 법률제8조제7항의 금융투자업자 중 아목이외의 자이 규정 제2조제18호에 따른 고위험고수익투자신탁으로 수요예측에 참여하는 경우에 한한다아 금융투자업규정 제34조제1항의 부동산신탁업자 고위험고수익투자신탁이란 조세특례제한법제91조의15 제1항에 따른 투자신탁등을 말하며자본시장과 금융투자업에 관한 법률에 따른 집합투자기구 투자일임재산 또는 특정금전신탁으로서 다음 각호의 요건을 모두 갖춘 것을 말합니다
92780.,① 해당 투자신탁등의 설정일ㆍ설립일부터 매 3개월마다 비우량채권과 코넥스 상장주식을 합한 평균보유비율이 100분의 45 이상이고 이를 포함한 국내채권의 평균보유비율이 100분의 60 이상일 것 이 경우 평균보유비율은 비우량채권과 코넥스 상장주식 국내채권 각각의 평가액이 투자신탁등의 평가액에서 차지하는 매일의 비율을 3개월 동안 합산하여 같은 기간의 총일수로 나눈 비율로 한다
92780.,② 국내 자산에만 투자할 것 다만 증권 인수업무 등에 관한 규정제2조 제18호에 의거 해당 투자신탁 등의 설정일설립일부터 배정일까지의 기간이 6개월 미만일 경우에는 배정 시점에 비우량채권과 코넥스 상장주식을 합한 보유비율이 100분의 45 이상이고 이를 포함한 국내 채권의 보유비율이 100분의 60 이상이어야 한다
92780.,코넥스 고위험고수익투자신탁이란 설정일설립일부터 매 3개월마다 코넥스 상장주식의 평균보유비율코넥스 상장주식의 평가액이 고위험고수익투자신탁의 평가액에서 차지하는 매일의 비율을 3개월 동안 합산하여 같은 기간의 총일수로 나눈 비율을 말한다이 100분의 2 이상인 고위험고수익투자신탁을 말합니다
92780.,다만 설정일설립일부터 배정일까지의 기간이 6개월 미만이고 배정시점에 코넥스 상장주식의 보유비율이 자산총액의 100분의 2 이상인 경우 본문의 요건을 갖춘 것으로 봅니다
92780.,대표주관회사는 기관투자자가 본 수요예측에 고위험고수익투자신탁으로 참여하는 경우 증권 인수업무 등에 관한 규정 제2조18호에 따른 고위험고수익투자신탁임을 확약하는 확약서 및 신탁자산 구성내역을 기재한 수요예측 참여명세서를 징구하며 요청 받은 기관투자자가 해당 서류를 미제출할 경우 배정에서 불이익을 받을 수 있습니다
92780.,투자일임회사는 투자일임계약을 체결한 투자자가 다음 각 호의 요건을 모두 충족하는 경우에 한하여 투자일임재산으로 금번 수요예측에 참여할 수 있습니다
92780.,대표주관회사는 기관투자자가 본 수요예측에 투자일임회사로 참여하는 경우 위 요건에 해당하는 투자일임회사임을 확약하는 확약서 및 투자일임재산 구성내역을 기재한 수요예측 참여명세서를 징구하며 요청 받은 기관투자자가 해당 서류를 미제출할 경우 배정에서 불이익을 받을 수 있습니다
92780.,부동산신탁회사는 고유재산으로만 기업공개를 위한 수요예측에 참여할 수 있습니다
92780.,주 상기 비율은 총 공모주식수 3300000주에 대한 비율임다
92780.,매출의 방법 등금번 동양피스톤㈜의 유가증권시장 상장을 위한 공모는 100 신주모집으로 진행되므로 해당사항이 없습니다
92780.,나 공모가격 산정 개요대표주관회사인 아이비케이투자증권㈜ 및 공동주관회사인 대신증권㈜은 동양피스톤㈜의 유가증권시장 상장을 위한 공모와 관련하여 동양피스톤㈜의 영업현황 산업전망 및 주식시장 상황 등을 고려하여 공모희망가액을 다음과 같이 제시합니다
92780.,1 상기 도표에서 제시한 주당 공모희망가액 범위는 동양피스톤㈜의 실질적인 가치를 의미하는 절대적 평가액이 아닙니다
92780.,또한 향후 발생할 수 있는 경기변동에 따른 위험 영업 및 재무에 대한 위험 산업에 대한 위험 주식시장 상황의 변동가능성 등이 반영되지 않았음을 투자자께서는 유의하시기 바랍니다
92780.,2 대표주관회사인 아이비케이투자증권㈜ 및 공동주관회사인 대신증권㈜는 상기와 같이 제시된 공모희망가액을 바탕으로 국내외 기관투자자를 대상으로 수요예측을 실시하였으며 확정 공모가액은 동 수요예측 결과 및 주식시장 상황 등을 고려하여 발행회사인 동양피스톤㈜과 대표주관회사 및 공동주관회사가 협의하여 최종 확정하였습니다
92780.,3 공모희망가액 산정과 관련한 구체적인 내용은 제1부 모집 또는 매출에 관한 사항 IV 인수인의 의견분석기관의 평가의견  4 종합평가결과를참고하시기 바랍니다
92780.,2 수요예측 참가자격가 기관투자자증권 인수업무 등에 관한 규정 제2조 제8호에 의한 다음 각 목에 해당하는 자를 말합니다
92780.,가 자본시장과 금융투자업에 관한 법률시행령 제10조제2항제1호부터 제10호제8호의 경우 법 제8조제2항부터 제4항까지의 금융투자업자를 말한다
92780.,이하 같다까지 제13호부터 제17호까지 제3항제3호 제10호부터 제13호까지의 전문투자자나자본시장과 금융투자업에 관한 법률제182조에 따라 금융위원회에 등록되거나 자본시장과 금융투자업에 관한 법률 제249조의6에 따라 금융위원회에 보고된 집합투자기구 다
92780.,국민연금법에 의하여 설립된 국민연금공단라 지식경제부와 그 소속기관 직제에 따른 우정사업본부마 자본시장과 금융투자업에 관한 법률제8조 제6항의 금융투자업자 바 가목부터 마목에 준하는 법인으로 외국법령에 의하여 설립된 자사자본시장과 금융투자업에 관한 법률제8조 제7항의 금융투자업자 중 아목이외의 자이 규정 제2조제18호에 따른 고위험고수익투자신탁으로 수요예측에 참여하는 경우에 한한다
92780.,아 금융투자업규정 제34조제1항의 부동산신탁업자이하 부동산신탁회사라 한다 금번 공모와 관련하여 증권 인수업무 등에 관한 규정제5조제1항제2호 단서조항의 창업투자회사등의 수요예측 참여는 허용되지 않습니다
92780.,고위험고수익투자신탁이란 조세특례제한법제91조의15 제1항에 따른 투자신탁 등을 말하며자본시장과 금융투자업에 관한 법률에 따른 집합투자기구 투자일임재산 또는 특정금전신탁으로서 다음 각호의 요건을 모두 갖춘 것을 말합니다
92780.,② 국내 자산에만 투자할 것다만 증권 인수업무 등에 관한 규정제2조 제18호에 의거 해당 투자신탁 등의 설정일설립일부터 배정일까지의 기간이 6개월 미만일 경우에는 배정 시점에 비우량채권과 코넥스 상장주식을 합한 보유비율이 100분의 45 이상이고 이를 포함한 국내 채권의 보유비율이 100분의 60 이상이어야 합니다
92780.,기관투자자 중 마목 자본시장과 금융투자업에 관한 법률제8조 제6항의 금융투자업자는 투자일임계약을 체결한 투자자가 다음 조건을 모두 충족하는 경우에 한하여 투자일임재산으로 기업공개를 위한 수요예측에 참여할 수 있습니다
92780.,다만 제2조제18호에 따른 고위험고수익투자신탁의 경우에는 제1호 및 제4호를 적용하지 아니합니다
92780.,투자일임회사는 투자일임재산으로 수요예측에 참여하는 경우 다음 조건이 모두 충족됨을 확인하여야 하며 이에 대한 확약서를 대표주관회사에 제출하여야 합니다
92780.,대표주관회사는 동 서류와 관련하여 추가 서류를 요청할 수 있으며 요청 받은 기관투자자가 해당 서류를 미제출할 경우 배정에서 불이익을 받을 수 있습니다
92780.,대표주관회사는 본 수요예측에 참여한 해외 기관투자자의 경우 상기 바목에 해당하는 투자자임을 입증할 수 있는 서류를 요청할 수 있으며 요청 받은 해외투자자가 해당 서류를 제출하지 않을 경우 배정에서 불이익을 받을 수 있습니다
92780.,대표주관회사는 기관투자자가 본 수요예측에 고위험고수익투자신탁으로 참여하는 경우 사목에 따른 고위험고수익투자신탁임을 확약하는 확약서를 징구하며 동 서류와 관련하여 추가 서류를 요청할 수 있으며 요청 받은 기관투자자가 해당 서류를 미제출할 경우 배정에서 불이익을 받을 수 있습니다
92780.,대표주관회사는 기관투자자가 본 수요예측에 투자일임회사로 참여하는 경우 마목에 따른 투자일임회사임을 확약하는 확약서를 징구하며 동 서류와 관련하여 추가 서류를 요청할 수 있으며 요청 받은 기관투자자가 해당 서류를 미제출할 경우 배정에서 불이익을 받을 수 있습니다
92780.,나 참여제외대상 다음에 해당하는 자는 수요예측에 참여할 수 없습니다
92780.,① 인수회사대표주관회사 및 공동주관회사 포함 및 인수회사의 이해관계인증권 인수업무 등에 관한 규정 제2조제9호의 규정에 의한 이해관계인을 말함② 발행회사의 이해관계인증권 인수업무 등에 관한 규정 제2조제9호의 규정에 의한 이해관계인을 말하며 동 규정 제2조 제9호의 가목 및 라목의 임원은 제외함③ 기타 본건 공모와 관련하여 발행회사 또는 인수회사대표주관회사 및 공동주관회사 포함에 용역을 제공하는 등 중대한 이해관계가 있는 자④ 주금납입능력을 초과하는 물량 또는 현저히 높거나 낮은 가격을 제시하는 등 수요예측에 참여하여 제시한 매입희망 물량과 가격의 진실성이 낮다고 판단되는 자⑤ 대표주관회사가 대표주관업무를 수행한 발행회사해당 발행회사가 발행한 주권의 신규 상장일이 이번 기업공개를 위한 공모주식의 배정일부터 과거 1년이내인 회사를 말한다의 기업공개를 위하여 금융위원회에 제출된 증권신고서의 주주에 관한 사항에 주주로 기재된 주요주주에 해당하는 기관투자자⑥ 증권 인수업무 등에 관한 규정 제17조의2 제3항 및 제5항에 의거 금번 공모 이전에 실시한 공모에서 수요예측일 현재 한국금융투자협회로부터 불성실 수요예측 참여자로 분류되어 제재 기간 중에 있는 기관투자자 금번 수요예측에 참여한 후 증권 인수업무 등에 관한 규정 제17조의2 제3항 및 제5항에 의거 불성실 수요예측 참여자로 지정하여 해당 불성실 수요예측발생일로부터 6개월 내지 24개월간 수요예측의 참여 및 공모주식 배정이 제한되므로 유의하시기 바랍니다
92780.,불성실수요예측참여자  증권 인수업무 등에 관한 규정제17조의2 제1항에 따라 다음 각호의 1에 해당하는 자를 말합니다
92780.,1 수요예측에 참여하여 주식 또는 무보증사채를 배정받은 후 청약을 하지 아니하거나 청약 후 주금 또는 무보증사채의 납입금을 납입하지 아니한 경우2 기업공개시 수요예측에 참여하여 의무보유를 확약하고 주식을 배정받은 후 의무보유기간 내에 해당 주식을 처분하는 경우 이 경우 의무보유기간 확약의 준수여부는 해당기간 중 일별 잔고를 기준으로 확인한다
92780.,3 수요예측에 참여하면서 관련 정보를 허위로 작성ㆍ제출하는 경우4 수요예측에 참여하여 배정받은 주식을 투자자에게 매도함으로써 자본시장과 금융투자업에 관한 법률제11조를 위반한 경우5 투자일임회사 및 부동산신탁회사가 증권 인수업무 등에 관한 규정 제5조의2를 위반하여 기업공개를 위한 수요예측에 참여한 경우6 그 밖에 인수질서를 문란하게 한 행위로서 제1호부터 제5호까지의 규정에 준하는 경우  아이비케이투자증권㈜의 불성실수요예측참여자의 정보관리에 관한 사항증권 인수업무 등에 관한 규정제17조의2에 의거 아이비케이투자증권㈜는 상기사유에 해당하는 불성실 수요예측참여자에 대한 정보를 금융투자협회에 통보하며 해당 불성실 수요예측참여자에 대한 정보 및 제재사항 등을 기재한 불성실 수요예측참여자 등록부를 작성하여 관리하고 아이비케이투자증권㈜의 인터넷 홈페이지wwwibkscom에 다음 각호의 내용을 게재합니다
92780.,상기 비율은 총공모주식수 3300000주에 대한 비율입니다
92780.,수요예측 결과 발생한 초과 수요에 대하여 배정 대상 별로 200000주 한도 내에서 대표주관회사의 배정 기준에 따라 배정할 예정입니다
92780.,금번 수요예측 시 가격을 제시하지 않고 수량만 제시하는 참여방법을 인정합니다
92780.,이 경우 해당 기관투자자 및 고위험고수익투자신탁은 확정공모가격으로 배정 받겠다고 의사 표시한 것으로 간주됩니다
92780.,ⓐ 수요예측에 참여하고자 하는 기관투자자는 수요예측 참여 이전까지 아이비케이투자증권㈜에 본인 명의의 위탁계좌가 개설되어 있어야 합니다
92780.,또한 집합투자회사의 경우 집합투자재산과 고유재산 고위험고수익투자신탁을 각각 구분하여 개별계좌로 신청해야 하며 그 외 기관투자자가 고위험고수익투자신탁분을 수요예측에 참여하고자 하는 경우 고유재산과 고위험고수익투자신탁을 각각 개별 계좌로 신청해야 합니다
92780.,ⓑ 비밀번호 5회 입력 오류시에는 소정의 서류를 지참하여 아이비케이투자증권㈜ 영업점을 방문하여 비밀번호 변경을 하여야 하오니 수요예측 참여 전 반드시 비밀번호를 확인하신 후 참여하시기 바랍니다
92780.,ⓒ 수요예측 참여 내역은 수요예측 마감시간 이전까지 정정 또는 취소가 가능하며 최종접수된 참여내역 만을 유효한 것으로 간주합니다
92780.,ⓓ 국내 기관투자자 대상 수요예측은 인터넷 접수로 접수 시스템은 한국시간기준 1700에 마감되며 수요예측 마감시간 이후에는 수요예측 참여정정취소가 불가능하오니 접수시간에 유의하여 주시기 바랍니다
92780.,ⓔ 집합투자재산의 경우 펀드별 참여내역을 통합하여 참여하셔야 하며 통합신청하는 각 펀드의 경우 수요예측일 현재 약관승인 및 설정이 완료된 경우에 한하며 해당 펀드의 종목별 편입한도 만기일 등은 사전에 자체적으로 확인한 후 신청하여 주시기 바라며 위 해당내용을 기재한 총괄집계표 를 수요예측 마감 2017년 11월 23일 1700전까지 대표주관회사의 Emailipoibkscom 또는 Fax0269155804로 제출하셔야 합니다
92780.,한편 대표주관회사는 수요예측 후 물량배정시 해당 집합투자회사에 집합투자재산과 고유재산을 구분하여 배정하며 집합투자재산의 펀드별 물량배정은 각각의 집합투자회사가 자체적으로 마련한 기준에 의해 자율적으로 배정하여야 합니다
92780.,집합투자재산 참여자는 기관투자자별 배정이 확정된 이후 배정된 물량에 대한펀드세부명세서를 기관청약 마감일까지 첨부서류Excel 파일로 대표주관회사의 Email 주소인 ipoibkscom 으로 제출하셔야 합니다
92780.,ⓕ 고위험고수익투자신탁으로 참여하는 기관투자자의 경우 각 고위험고수익투자신탁 펀드별 참여내역을 기관투자자 명의 1건으로 통합하여 참여하여야 하며 동일한 가격으로 수요예측에 참여하셔야 합니다
92780.,수요예측 인터넷 접수 후 대표주관회사가 정하는 펀드명 계좌번호 자산총액 자산구성내역 신청가격 신청수량 증권 인수업무 등에 관한 규정제2조제8호에 따른 고위험고수익투자신탁에 해당됨을 확인하는 내용등을 기재한 수요예측참여 총괄집계표 및 고위험고수익투자신탁 확약서를 수요예측 마감 2017년 11월 23일 1700전까지대표주관회사의 Emailipoibkscom 또는 Fax0269155804로 제출하셔야 합니다
92780.,ⓖ 투자일임회사는 대표주관회사인 아이비케이투자증권㈜의 홈페이지를 통한 수요예측참여 시증권 인수업무 등에 관한 규정제5조의2 제1항의 각호에 해당하는 투자일임회사임을 입증할 수 있는 펀드명 펀드설정금액 펀드별 참여현황 등을 기재한 수요예측참여 총괄집계표 및 투자일임회사 확약서를 수요예측 마감 2017년 10월 31일 1700전까지 대표주관회사의 Emailipoibkscom 또는 Fax0269155804로 제출하셔야합니다
92780.,ⓗ 증권 인수업무 등에 관한 규정제5조의2 제3항에 따라 증권 인수업무 등에 관한 규정제2조제8호아목의 부동산신탁회사는 고유재산으로만 기업공개를 위한수요예측에 참여할 수 있습니다
92780.,ⓘ 금번 공모와 관련하여 증권 인수업무 등에 관한 규정제5조제1항제2호 단서조항의 창업투자회사등의 수요예측 참여는 허용되지 않습니다
92780.,ⓙ 대표주관회사는 본 수요예측에 참여한 해외 기관투자자의 경우 증권인수업무등에관한 규정 제2조8호 바목에 해당하는 투자자임을 입증할 수 있는 서류를 요청할 수 있으며 요청 받은 해외투자자가 해당 서류를 미제출할 경우 배정에서 불이익을 받을 수 있습니다
92780.,8 기타 수요예측 참여와 관련한 유의사항① 수요예측 접수는 아이비케이투자증권㈜ 홈페이지의 수요예측 참가신청서 온라인 접수를 원칙으로 하며 우편접수 및 퀵서비스를 이용한 접수는 받지 않습니다
92780.,다만 아이비케이투자증권㈜ 홈페이지의 인터넷 전산장애 등의 불가피한 상황이 발생될 경우와 해외 기관투자자에 한하여 보완적으로 인편 Fax 등의 방법을 제한적으로 받습니다
92780.,아이비케이투자증권㈜의 온라인 수요예측 접수시스템은 수요예측 마감일인 2017년 11월 23일목 1700에 마감되며 추가 접수는 받지 않으므로 유의하여 주시기 바랍니다
92780.,② 수요예측에 참여하고자 하는 기관투자자는 수요예측 참여 이전까지 대표주관회사인 아이비케이투자증권㈜에 본인 명의의 위탁계좌가 개설되어 있어야 합니다
92780.,또한 계좌의 변동사항이 발생시 청약 전에 대표주관회사에 유선으로 통보해야 하며 해당 기관투자자의 부주의로 아이디와 비밀번호 유출로 인한 수요예측 참여 내용이 변경되거나 왜곡되어 발생하는 문제 계좌번호의 오류 또는 변동사항의 미통보로 인하여 발생하는 문제 등에 대한 책임은 전적으로 기관투자자 본인에게 있음을 유의하시기 바랍니다
92780.,한편 해외 기관투자자는 수요예측에 참여하는 경우 수요예측 종료일까지 대표주관회사의 위탁계좌를 개설해야 합니다
92780.,③ 집합투자회사는 집합투자재산과 고유재산 고위험고수익투자신탁을 각각 구분하여 개별계좌로 신청해야 하며 그 외 기관투자자가 고위험고수익투자신탁분을 수요예측에 참여하고자 하는 경우 고유재산과 고위험고수익투자신탁을 각각 구분하여 개별계좌로 신청해야합니다
92780.,④ 수요예측 기간 중 언제든지 희망가격과 희망수량의 삭제 및 수정이 가능하며 최종 접수된 수요예측 참가신청서만 유효한 것으로 간주합니다
92780.,수요예측 마감시간 이후에는 수요예측 참여정정취소가 불가능하오니 접수마감시간을 엄수해 주시기 바랍니다
92780.,수요예측 참여시 입력또는 확인된 참여기관의 기본정보에 허위의 내용이 있을 경우 참여 자체를 무효로 하며 불성실 수요예측참여자로 관리합니다
92780.,특히 집합투자회사가 불성실 수요예측 참여 행위를 하는 경우에는 당해 집합투자회사가 운용하는 전체 펀드에 대해 불성실수요예측참여자로 관리합니다
92780.,⑤ 집합투자재산의 경우 펀드별 참여내역을 1건으로 통합하여 동일한 가격으로 수요예측에 참여해야 합니다
92780.,집합투자회사가 통합신청하는 각 펀드의 경우 수요예측일 현재 약관승인 및 설정이 완료된 경우에 한하며 해당 펀드의 종목별 편입한도 만기일 등은 사전에 자체적으로 확인한 후 신청하여 주시기 바랍니다
92780.,또한 고위험고수익투자신탁으로 수요예측에 참여하는 기관투자자는 각 고위험고수익투자신탁 펀드별 참여내역을 기관투자자 명의 1건으로 통합하여 참여하여야 하며 동일한 가격으로 수요예측에 참여해야 합니다
92780.,한편 해당 펀드의 종목별 편입한도 만기일 등은 사전에 자체적으로 확인한 후 신청하여 주시기 바랍니다
92780.,⑥ 고위험고수익투자신탁으로 수요예측에 참여하는 기관투자자는 각 펀드가 조세특례제한법 제91조의15제1항에 따른 투자신탁 등에 해당하는지 여부다만 해당 투자신탁 등의 설정일설립일부터 배정일까지의 기간이 6개월 미만일 경우에는 같은 법 시행령 제93조제3항제1호 및 같은 조 제7항에도 불구하고 배정 시점에 비우량채권과 코넥스 상장주식을합한 보유비율이 100분의 45이상이고 이를 포함한 국내 채권의 보유비율이 100분의 60 이상 일 것를 확인하여야 하며 대표주관회사는 해당 기관투자자가 제출한 확약서 등의 소정의 양식에 의거하여 판단합니다
92780.,동 사항에 대해 허위 및 과실로 제출하였을 경우 불성실수요예측 참여자에 해당 될 수 있음을 유의하시길 바랍니다
92780.,⑦ 고위험고수익투자신탁으로 수요예측에 참여하는 기관투자자는 해당 고위험고수익투자신탁의 가입자가 인수회사 또는 발행회사의 이해관계인인지 여부를 확인하여야 하며 이에 해당하는 경우 해당 고위험고수익투자신탁이 공모주 수요예측에 참가하지 않도록 조치하여야 합니다
92780.,또한 대표주관회사는 본 수요예측에 고위험고수익투자신탁으로 참여하는경우 증권 인수업무 등에 관한 규정제2조제8호 사목에 따른 고위험고수익투자신탁임을 확약하는 확약서를 징구하며 요청 받은 기관투자자가 해당 서류를 미제출할 경우 배정에서 불이익을 받을 수 있습니다
92780.,⑧ 투자일임회사의 경우 투자일임계약을 체결한 투자자가 증권 인수업무 등에 관한 규정제2조제8호에 따른 기관투자자 여부 제9조제4항에 따른 이해관계인 여부 수요예측 참여일 현재 불성실수요예측 참여자 여부와 투자일임계약 체결일로 부터 3개월 경과여부 및 수요예측 참여일전 3개월간의 일평균 투자일임재산의 평가액이 5억원이상인지를 해당기관투자자가 제출한 확약서 등의 소정의 양식에 의거하여 판단합니다
92780.,⑨ 부동산신탁회사의 경우 증권 인수업무 등에 관한 규정제5조의2제3항에 따라 고유재산으로만 수요예측에 참여할 수 있으며 동 사항에 대해 허위 및 과실로 제출하였을 경우 불성실수요예측 참여자에 해당 될 수 있음을 유의하시길 바랍니다
92780.,⑩ 참가신청수량이 각 수요예측참여자별 최고 한도를 초과할 때에는 최고 한도로 제시한 것으로 간주합니다
92780.,또한 수요예측 참가시 가격을 제시하지 않고 희망 수량만을 기재할 수 있으며 이 경우 해당 기관투자자가 어떠한 확정공모가격에도 희망 수량까지 배정받겠다는 의사표시로 판단하여 배정할 예정입니다
92780.,⑪ 수요예측에 참가하지 않았거나 수요예측에 참여하였으나 배정받지 못한 경우에도 공모가액으로 배정을 받기를 희망하는 기관투자자 등은 대표주관회사에 미리 청약의 의사를표시하고 청약일에 추가청약할 수 있습니다
92780.,단 배정된 수량이 모두 청약된 경우에는 배정받을 수 없습니다
92780.,또한 상기와 같은 기관투자자에 대한 추가 청약 후 잔여물량이 있을 경우에는 이를 일반청약자 배정 물량에 합산하여 배정합니다
92780.,⑫ 대표주관회사는 본 수요예측에 참여한 해외 기관투자자의 경우 증권 인수업무 등에 관한 규정제2조 제8호 바목에 해당하는 투자자임을 입증할 수 있는 서류를 요청할 수 있으며 요청 받은 해외투자자가 해당 서류를 미제출할 경우 배정에서 불이익을 받을 수 있습니다
92780.,⑬ 수요예측에 참가하여 공모주식을 배정받은 국내ㆍ외 기관투자자는 반드시 청약일에 아이비케이투자증권㈜ 홈페이지를 통하여 배정받은 수량을 확인하신 후 주식청약서를 작성하여 청약일에 아이비케이투자증권㈜ 본점에서 청약하여 주시기 바랍니다
92780.,수요예측에 참가하여 물량을 배정받은 기관투자자 등이 청약을 하지 않거나 의무보유 확약기간을 지키지 않는 등의 행위를 할 경우 불성실 수요예측참여자로 지정되어 향후 아이비케이투자증권㈜에서 실시하는 수요예측의 참여가 일정기간 제한되므로 유의하시기 바랍니다
92780.,⑭ 대표주관회사는 증권 인수업무 등에 관한 규정제5조 제4항에 의거하여 신청가격 및 신청수량 등과 관련한 수요예측 참여 정보는 공지하지 않습니다
92780.,⑮ 상기 배정의 결과 불가피한 상황이 발생하여 배정이 원활하지 못할 경우 대표주관회사가 판단하여 배정에 대한 기준을 변경할 수 있습니다
92780.,9 확정공모가액 결정방법수요예측 결과 및 주식시장 상황 등을 감안하여 공동대표주관회사와 공동주관회사 및 발행회사가 협의하여 확정공모가액을 결정합니다
92780.,10 물량배정방법상기와 같은 방법에 의해 결정된 확정공모가액 이상의 가격을 제시한 수요예측 참여자들을 대상으로 참여가격 참여시점 및 참여자의 질적인 측면운용규모 투자성향 공모 참여실적 의무보유 확약여부 등 등을 종합적으로 고려한 후 공동대표주관회사 및 공동주관회사가 자율적으로 배정물량을 결정합니다
92780.,집합투자회사에 대하여 물량배정시 집합투자재산 고유재산 고위험고수익투자신탁 투자일임재산을 각각 구분하여 배정하며 집합투자재산의 펀드별 물량배정은 각각의 집합투자회사가 자체적으로 마련한 기준에 의해 자율적으로 배정하여야 합니다
92780.,특히 금번 수요예측시증권 인수업무에 등에 관한 규정제9조 제1항 제4호에 의거 기관투자자 중 고위험고수익투자신탁에 공모주식의 10 이상을 배정하며 대표주관회사는 고위험고수익투자신탁 자산총액의 20 범위자산총액은 해당 고위험고수익투자신탁을 운용하는 기관투자자가 제출하는 자료를 기준으로 함내에서 해당 고위험고수익투자신탁의 참여시점 및 참여자의 질적인 측면운용규모 투자성향 공모 참여실적 의무보유 확약여부 자기자본 규모 신뢰도 등을 종합적으로 고려한 후 대표주관회사가 가중치를 부여하여 공모주식을 배정합니다
92780.,11 배정결과 통보① 대표주관회사는 최종 결정된 확정공모가액을 아이비케이투자증권㈜ 홈페이지wwwibkscom에 게시합니다
92780.,② 각 기관투자자들은 확정공모가액 공지 후 대표주관회사인 아이비케이투자증권㈜ 홈페이지wwwibkscom의 뱅킹신용대출 → 뱅킹청약 → 공모주 → 수요예측 신청조회 → 배정결과를 통하여 수요예측 배정결과 내역을 확인할 수 있으며 개별통보는 실시하지 않습니다
92780.,12 기타 수요예측실시에 관한 유의사항① 수요예측에 참여하는 기관투자자는 미확약 15일 1개월의 의무보유기간을 확약할 수 있으며 의무보유확약기간은 결제일 기준이 아니므로 의무보유확약기간 종료일 익일부터 매매가 가능합니다
92780.,② 수요예측 참가신청서 상에 의무보유를 확약한 기관투자자 등은 의무보유확약 기간이 종료된 후 1주일 이내에 매매개시일로부터 의무보유확약 기간 +2일까지의 거래내역서 또는 일별잔고를 대표주관회사에 Fax로 제출하여 의무보유확약 기간 동안 동 주식의 거래가없었음을 증명하여야 합니다
92780.,③ 수요예측참가시 의무보유 확약을 한 기관투자자는 펀드만기가 의무보유확약기간에 미치지 못해 매도를 하는 경우에도 불성실 수요예측 참여자로 지정하여 향후 아이비케이투자증권주에서 실시하는 수요예측 참가자격이 일정기간 제한되므로 기관투자자 등은 수요예측에 참여하기 전에 해당 펀드의 만기를 확인하여 수요예측에 참여하기 바랍니다
92780.,④ 대표주관회사인 아이비케이투자증권㈜는 의무보유확약기간 중에 언제라도 의무보유확약과 관련된 증빙서류를 요청할 수 있으며 이 경우 대상 기관들은 대표주관회사의 요구에따라 증빙서류를 제출해야 합니다
92780.,상기서류를 제출하지 않거나 정한 기일 이내에 제출하지 않을 경우 불성실 수요예측참여자로 지정될 수 있습니다
92780.,주 상기의 확약 신청수량은 수요예측 참여결과를 기재하였으며 실제 배정내역은 이와는 상이합니다
92780.,라 주당 확정공모가액의 결정상기의 수요예측 결과 및 시장상황 등을 고려하여 발행회사인 동양피스톤㈜과대표주관회사인 아이비케이투자증권 공동주관회사인 대신증권이 협의하여 1주당 확정공모가액을 5700원으로 결정하였습니다
92780.,청약단위 및 청약한도① 일반청약자는 대표주관회사인 아이비케이투자증권㈜ 및 공동주관회사인 대신증권주의 본ㆍ지점 및 온라인채널HTS 홈페이지 ARS을 통해 청약이 가능합니다
92780.,아이비케이투자증권㈜ 및 대신증권주의 1인당 청약한도 청약단위는 아래와 같습니다
92780.,대신증권주의 일반청약자 청약증거금율은 50입니다
92780.,청약자격의 기준에 관한 사항은 제1부 모집 또는 매출에 관한 사항  4 모집 또는 매출절차 등에 관한 사항  3 청약방법  라 일반청약자의 청약 자격을 참고하시기 바랍니다
92780.,② 기관투자자의 청약은 수요예측에 참여하는 물량을 배정받은 수량 단위로 하며 청약 미달을 고려하여 추가청약을 하고자 하는 기관투자자는 최고청약한도를 각 기관별 법령 등에 의한 투자한도액을 고려한 수량으로 1주 단위로 청약할 수 있습니다
92780.,2 수요예측에 관한 사항수요예측에 관한 사항은  I모집 또는 매출에 관한 일반사항  3공모가격 결정방법  다
92780.,수요예측에 관한 사항 부분을 참고하시기 바랍니다
92780.,3 청약방법가 청약의 개요 모든 청약자는금융실명거래 및 비밀보장에 관한 법률의한 실명자이어야 하며 해당 청약사무취급처에 소정의 주식청약서를 작성하여 청약증거금단 기관투자자는 청약증거금이 면제됨과 함께 제출하여야 합니다
92780.,나 우리사주조합 청약우리사주조합의 청약은 대표주관회사인 아이비케이투자증권주 본점에 우리사주조합장 명의로 합니다
92780.,다 기관투자자의 청약 기관투자자는 청약증거금이 없으며 수요예측에 참가하여 배정받은 주식에 대한 청약은 소정의 주식청약서를 작성하여 청약일인 2017년 11월 28일화 ~ 29일수 2일간에 대표주관회사인 아이비케이투자증권㈜ 본점에 FAX0269155804 송부 또는 주식청약서 스캔 후 Email 전송ipoibkscom의 방법으로 청약의사를 표시하여야 하며 동 청약 주식에해당하는 주금을 납입일인 2017년 12월 01일 0800 ~ 1300 사이에 대표주관회사인 아이비케이투자증권㈜의본점에 납입하여야 합니다
92780.,기간내 납입하지 않을시에는 금융투자협회에 미납입 사안을 통보하여 향후 불이익을 받게 되므로 이에 유의하시기 바랍니다
92780.,한편 수요예측에 참가한 기관투자자 중 수요예측결과 배정받은 물량을 초과하여 청약하고자 하는 기관투자자는 전체 기관투자자 배정물량1980000주 범위 내에서 추가로 청약이 가능합니다
92780.,또한 수요예측에 참가하지 않았거나 수요예측에 참여하였으나 배정받지 못한 경우에도 공모가액으로 배정을 받기를 희망하는 기관투자자등은 대표주관회사에 미리 청약의사를 표시하고 2017년 11월 28일화 ~ 29일수에 추가 청약할 수 있습니다
92780.,다만 수요예측에서 배정된 수량이 모두 청약된 경우에는 배정받을 수 없습니다
92780.,해외기관투자자는 납입일에 배정된 금액의 10에 해당하는 청약수수료를 입금해야 합니다
92780.,라 일반청약자의 청약 일반청약자의 청약은 해당 청약사무취급처에서 사전에 정하여 공시하는 청약방법에 따라 청약기간에 소정의 주식청약서를 작성하여 청약 증거금청약증거금율 50과 함께 이를 청약처에 제출하여야 합니다
92780.,또한 일반청약자 이중청약이 불가하오니 이 점 유의하시기 바랍니다
92780.,청약수수료는 환불일이 아닌 청약일에 청약 신청시 징수합니다
92780.,아이비케이투자증권 일반청약자 청약자격 중 우대고객 확인은 영업점 유선통화 및 내방 또는 당사 HTS8402화면에서 확인이 가능 합니다
92780.,5 청약결과 배정방법가 공모주식 배정비율① 우리사주조합 총 공모주식의 200660000주를 우선배정합니다
92780.,② 기관투자자  총 공모주식의 6001980000주를 배정합니다
92780.,③ 일반청약자  총 공모주식의 200660000주를 배정합니다④ 제1항의 배정분 중 청약수량이 미달하여 잔여주식이 있는 경우 제2항에 배정됩니다
92780.,⑤ 제2항과 제4항에 의한 배정분 중 청약수량이 미달하여 잔여주식이 발생하는 경우에는 이를 제3항에 배정합니다
92780.,증권 인수업무에 등에 관한 규정제9조 제1항 제4호에 의거 기관투자자 중 고위험고수익투자신탁에 공모주식의 10 이상을 배정합니다
92780.,청약 결과 공모주식의 배정은 수요예측 결과 결정된 확정공모가액으로 대표주관회사와 발행회사가 사전에 총액인수계약서 상에서 약정한 배정기준에 의거 다음과 같이 배정합니다① 기관투자자의 청약에 대한 배정은 수요예측에 참여하여 배정받은 수량 범위 내에서 우선 배정하되 추가 청약에 대한 배정은 대표주관회사가 발행회사와 협의하여 배정합니다
92780.,② 수요예측에 참가한 기관투자자 중 수요예측결과 배정받은 물량을 초과하여 청약하고자하는 기관투자자는 전체 기관투자자 배정 물량 범위 내에서 추가 청약이 가능합니다
92780.,또한수요예측에 참가하지 않았거나 수요예측에 참여하였으나 배정받지 못한 경우에도 공모가액으로 배정을 받기를 희망하는 기관투자자 등은 대표주관회사에 미리 청약의사를 표시하고 청약일에 추가 청약할 수 있습니다
92780.,③일반청약자가 청약한 주식은 청약주식수에 비례하여 안분배정합니다
92780.,일반청약자에 대한 배정결과 발생하는 1주 미만의 단수주는 원칙적으로 5사6입 등 잔여주식이 최소화 되도록 배정하되 대표주관회사가 정한 기준에 의합니다
92780.,그 결과 발생하는 잔여주식은 일반청약자에게 추첨하여 재배정합니다
92780.,④ 인수회사 및 인수회사의 이해관계인 발행회사의 이해관계인단 증권 인수업무 등에 관한 규정 제2조 제9호의 가목 및 라목의 임원을 제외및 기타 금번 공모와 관련하여 발행회사에 용역을 제공하거나 중대한 이해관계가 있는 자 주금납입능력을 초과하는 물량 또는 현저히 높거나 낮은 가격을 제시하는 등 수요예측에 참여하여 제시한 매입희망 물량과 가격의 진실성이 낮다고 판단되는 자6개월 의무보유 확약시 배정 가능 대표주관회사가 대표주관업무를 수행한 발행회사해당 발행회사가 발행한 주권의 신규 상장일이 이번 기업공개를 위한 공모주식의 배정일부터 과거 1년 이내인 회사를 말한다의 기업공개를 위하여 2017년 01월 01일 이후 금융위원회에 제출된 증권신고서의 주주에 관한 사항에 주주로 기재된 주요주주에 해당하는 기관투자자 및 창업투자회사 등단 6개월 의무보유 확약시 배정 가능 창업투자회사는 일반청약자로서 청약시 배정가능은 배정대상에서 제외됩니다
92780.,다 배정결과의 통지일반청약자에 대한 배정결과 각 청약자에 대한 배정내용 및 초과청약금의 환불은 2017년 12월 01일 대표주관회사 및 공동주관회사의 홈페이지에 게시함으로써 개별통지에 갈음합니다
92780.,기관투자자 등의 경우에는 수요예측을 통하여 물량을 배정받은 내역과 청약내역이 다른 경우에 한하여 대표주관회사가 개별통지합니다
92780.,2009년 2월 4일 부로 시행된 자본시장과 금융투자업에 관한 법률에 의거 누구든지 증권신고의 효력이 발생한 증권을 취득하고자 하는 자 기관투자자 그밖에 대통령령으로 정하는 자를 제외함에게 적합한 투자설명서를 미리 교부하지 아니하면 그 증권을 취득하게 하거나 매도하여서는 안됩니다
92780.,다만 자본시장과 금융투자업에 관한 법률 시행령 제132조에 의거하여 투자설명서를 받기를 거부한다는 의사를 서면 또는 유선으로 표시한 자는 투자설명서의 교부없이 청약이 가능합니다
92780.,① 본 청약에 참여하고자 하는 투자자자본시장과 금융투자업에 관한 법률제9조제5항에 규정된 전문투자자 및자본시장과 금융투자업에 관한 법률제132조에 따라 투자설명서의 교부가 면제되는 자 제외는 청약전 반드시 투자설명서를 교부받고 교부확인서에 서명하여야 하며 투자설명서를 교부받지 않고자 할 경우 투자설명서 수령거부의사를 서면 등으로 표시하여야 합니다
92780.,투자설명서 교부를 받지 않거나 수령거부의사를 서면 등으로 표시하지 않을 경우 본 청약에 참여할 수 없습니다
92780.,■ 자본시장과 금융투자업에 관한 법률제124조 정당한 투자설명서의 사용 ① 누구든지 증권신고의 효력이 발생한 증권을 취득하고자 하는 자전문투자자 그 밖에 대통령령으로 정하는 자를 제외한다에게제123조에 적합한 투자설명서집합투자증권의 경우 투자자가 제123조에 따른 투자설명서의 교부를 별도로 요청하지 아니하는 경우에는 제2항제3호에 따른 간이투자설명서를 말한다
92780.,이하 이 항 및 제132조에서 같다를 미리 교부하지 아니하면 그 증권을 취득하게 하거나 매도하여서는 아니 된다
92780.,이 경우 투자설명서가제436조에 따른 전자문서의 방법에 따르는 때에는 다음 각 호의 요건을 모두 충족하는 때에 이를 교부한 것으로 본다
92780.,■ 자본시장과 금융투자업에 관한 법률 시행령제132조 투자설명서의 교부가 면제되는 자 법 제124조제1항 각 호 외의 부분 전단에서 대통령령으로 정하는 자란 다음 각 호의 어느 하나에 해당하는 자를 말한다
92780.,7 청약증거금의 대체 반환 및 주금납입에 관한 사항 ① 일반투자자 청약증거금은 주금납입기일2017년 12월 01일에 주금납입금으로 대체하되 청약하여 배정된 주식의 납입금액에 미달하는 주식이 발생하는 경우 그 미달금액에 해당하는 주식은 대표주관회사 및 공동주관회사가 자기계산으로 인수하며 초과 청약증거금이 있는 경우에는이를 주금납입기일 당일2017년 12월 01일에 환불합니다
92780.,이 경우 청약증거금은 무이자로 합니다
92780.,② 기관투자자는 금번 공모에 있어 청약증거금이 면제되는 바 청약하여 배정받은 물량의 100에 해당하는 금액을 납입일인 2017년 12월 01일 0800 ~ 1300 사이에 대표주관회사에 납입하여야 하며 동 납입 금액은 주금납입기일2017년 12월 01일에 주금납입금으로 대체됩니다
92780.,한편 동 납입금액이 기관투자자가 청약하여 배정받는 주식의 납입금액에 미달할 경우에는 대표주관회사 및 공동주관회사가 그 미달금액에 해당하는 주식을 총액인수계약서에서 정하는 바에 따라 인수합니다
92780.,해외기관투자자는 납입일에 배정된 금액의 10에 해당하는 청약수수료를 함께 입금해야 합니다
92780.,③ 대표주관회사는 청약자의 납입주금을 납입기일인 2017년 12월 01일에 기업은행 반월 MTV 지점에 납입합니다
92780.,8 주권교부에 관한 사항가 주권교부예정일  청약결과 주식배정 공고시 대표주관회사가 홈페이지를 통해 공고합니다
92780.,나 주권교부장소  각 해당 청약사무취급처에서 교부합니다
92780.,다 상기 나항에 불구하고 청약자 또는 인수인이 자본시장과 금융투자업에 관한 법률 제309조제5항 규정에 의하여 한국예탁결제원을 명의인으로 하여 주식의 발행을 신청한 경우에는 당해 청약자 또는 인수인에게 배정된 주식은 한국예탁결제원 명의로 일괄 발행되며 이 경우 발행주권은 청약사무취급처의 청약자 또는 인수인의 계좌에 자동입고 됩니다
92780.,9 기타사항가 신주인수권증서에 관한 사항금번 유가증권시장 상장공모는 기존 주주의 신주인수권을 배제한 신주모집이므로 신주인수권증서를 발행하지 않습니다
92780.,나 주권교부일 이전의 주식양도의 효력에 관한 사항본 주권교부일 이전의 주식양도는 발행회사에 대하여 효력이 없습니다
92780.,다만자본시장과 금융투자업에 관한 법률 제311조 제4항에 의거 주권발행전에 증권시장에서의 매매거래를 고객계좌부 또는 예탁자계좌부상 계좌간 대체의 방법으로 결제하는 경우에는상법제335조제3항의 규정에도 불구하고 발행회사에 대하여 그 효력이 있습니다
92780.,다 정보이용 제한 및 비밀유지대표주관회사인 아이비케이투자증권㈜ 및 공동주관회사인 대신증권㈜ 은 총액인수계약의 이행과 관련하여 입수한 정보 등을 제3자에게 누설하거나 발행회사의 경영개선 이외의 목적에 이용하여서는 아니됩니다
92780.,라 주권의 매매개시일주권의 신규상장 및 매매개시일은 아직 확정되지 않았으며 향후 일정이 확정되는 대로 한국거래소 시장 공시시스템을 통하여 안내할 예정입니다
92780.,다
92780.,기타의 사항1 회사와 인수인 간 특약사항당사는 금번 공모와 관련하여 공동대표주관회사 공동주관회사와 체결한 총액인수계약일로부터 유가증권시장 상장 후 6개월까지 대표주관회사의 사전 서면동의 없이는 주식 또는 전환사채 등 주식과 연결된 증권을 발행하거나 직ㆍ간접적으로 매수 또는 매도를 하지 않습니다
92780.,또한 당사의 최대주주 및 그 특수관계인은 유가증권시장 상장규정에 따라 상장예비심사 신청시 제출한 계속보유확약서 및 대표주관회사와 체결한 보호예수 약정서에 의거하여 상장일로부터 6개월간 그 소유 주식을 한국예탁결제원에 보관하며 유가증권시장 상장법인의 경쟁력 향상이나 지배구조의 개선을 위한 기업인수 합병 등 한국거래소가 필요하다고 인정하는 경우 이외에는 그 주식을 인출하거나 매각할수 없으며 보관 인출 또는 매각의 방법 및 절차 등에 관하여는 위 확약서에 정하는 바에 따릅니다
92780.,2 회사와 주관회사 간 중요한 이해관계대표주관회사인 아이비케이투자증권㈜은 증권 인수업무 등에 관한 규정 제6조공동주관회사 제1항에 해당하는 바 공동주관회사인 대신증권㈜과 공동으로 주관회사업무를 수행하고 있습니다
92780.,① 금융투자회사는 자신과 자신의 이해관계인이 합하여 100분의 5 이상의 주식등을 보유하고 있는 회사의 기업공개 또는 장외법인공모를 위한 주관회사 업무를 수행하는 경우 다른 금융투자회사해당 발행회사와 이해관계인에 해당하지 아니하면서 해당 발행회사의 주식등을 보유하고 있지 아니한 금융투자회사를 말한다와 공동으로 하여야 한다
92780.,다만 다음 각 호의 어느 하나에 해당하는 기업의 기업공개를 위한 주관회사업무를 수행하는 경우에는 그러하지 아니하다
92780.,2 외국 기업주식등의 보유를 통하여 외국 기업의 사업활동을 지배하는 것을 주된 목적으로 하는 국내법인을 포함한다
92780.,이하 같다
92780.,② 제1항에 따른 주식등의 보유비율 산정에 관하여는 법 시행규칙 제14조제1항을 준용한다
92780.,③ 제2항에 불구하고 금융투자회사가 한국거래소의 코스닥시장 상장규정제26조제6항제2호에 따라 취득하는 코스닥시장 상장법인코스닥시장 상장예정법인을 포함한다이 발행하는 주식 및 코넥스시장 상장규정에 따른 지정자문인 계약을 체결하고 해당 계약의 효력이 유지되는 상태에서 취득하는 코넥스시장 상장법인코넥스시장 상장예정법인을 포함한다이 발행하는 주식은 제1항에 따른 주식등의 보유비율 산정에 있어 보유한 것으로 보지 아니한다
92780.,④ 제2항에 불구하고 금융투자회사 또는 금융투자회사의 이해관계인이 다음 각 호의 어느 하나이하 이항에서 조합등이라 한다에 출자하고 해당 조합등이 발행회사의 주식등을 보유하고 있거나 발행회사 또는 발행회사의 이해관계인이 조합등에 출자하고 해당 조합등이 금융투자회사의 주식등을 보유하고 있는 경우에는 해당 조합등에 출자한 비율만큼 주식등을 보유한 것으로 본다
92780.,4 법 제268조에 따라 금융위원회에 등록된 사모투자전문회사사모투자전문회사가 금융투자회사 또는 발행회사의 이해관계인이 아닌 경우에 한한다
92780.,주1 모집 예정가액이하 공모희망가액이라 한다의 산정 근거는 Ⅵ 인수인의 의견의4 종합평가 결과항목을 참조하시기 바랍니다
92780.,주2 모집 예정가액은 대표주관회사와 발행회사가 제시한 공모희망가액 범위인 5700원 ~ 7300원의 최저가액인 5700원 기준입니다
92780.,주3 확정가액은 상기에서 제시한 공모 희망가액을 기준으로 청약일 전에 실시하는 수요예측 결과를 반영하여 대표주관회사인 아이비케이투자증권과 발행회사인 동양피스톤이 협의하여 5700원으로 최종 결정하였습니다
92780.,주4 동양피스톤과 대표주관회사인 아이비케이투자증권이 체결한 초과배정옵션주식수는 금번 공모예정주식수 3300000주의 606인 200000주이며 수요예측 결과 및 주식시장 회사 상황에 따라 동 계약의 체결여부가 변경될 수 있음에 유의하시기 바랍니다
92780.,4 기타 공모 관련 서비스 내역당사는 금번 유가증권시장 상장을 위한 공모와 관련하여 기타 인수인이 아닌 자로부터 인수회사 탐색 중개 모집 또는 매출의 주선 공모가격 또는 공모조건에 대한 컨설팅 증권신고서 작성 등과 관련한 서비스를 제공받은 사실이 없습니다
92780.,5 최대주주 등의 지분에 대한 보호예수당사는 유가증권시장상장규정 제27조 제1항에 따라 최대주주 등의 지분을 상장 후 6개월간 보호예수의무가 발생하게 됨에 따라 한국거래소에 상장예비심사신청서 제출시 보호예수확약서를 제출하였으며 상장예비심사 중 예탁결제원이 발행한 보호예수증명서를 제출한 바 있습니다
92780.,이에 근거하여 당사 최대주주 등의 지분은 상장 후 6개월간 매각이 제한됩니다
92780.,보호예수와 관련한 구체적인 내용은제1부 모집 또는 매출에 관한 사항  III 투자위험요소  3 기타위험  다
92780.,상장 후 유통주식수를 참고하시기 바랍니다
92780.,6 환매청구권당사는 금번 공모와 관련하여 증권 인수업무 등에 관한 규정 제10조의3 제1항에 해당하지 않기 때문에 일반청약자에 대한 환매청구권을 부여하지 않습니다
92780.,① 기업공개국내외 동시상장공모를 위한 기업공개는 제외한다를 위한 주식의 인수회사는 다음의 어느 하나에 해당하는 경우 일반청약자에게 공모주식을 인수회사에 매도할 수 있는 권리이하 환매청구권이라 한다를 부여하고 일반청약자가 환매청구권을 행사하는 경우 증권시장 밖에서 이를 매수하여야 한다
92780.,다만 일반청약자가 해당 주식을 매도 하거나 배정받은 계좌에서 인출하는 경우 또는 타인으로부터 양도받은 경우에는 그러하지 아니하다
92780.,② 인수회사가 일반청약자에게 제1항의 환매청구권을 부여하는 경우 다음 각 호의 요건을 모두 충족하여야 한다
92780.,2 인수회사의 매수가격  공모가격의 90이상 다만 일반 청약자가 환매청구권을 행사한 날 직전 매매거래일의 주가지수가 상장일 직전 매매거래일의 주가지수에 비하여 10를 초과하여 하락한 경우에는 다음 산식에 의하여 산출한 조정가격 이상 이 경우 주가지수는 한국거래소가 발표하는 코스피지수 코스닥지수 또는 발행회사가 속한 산업별주가지수 중 대표주관회사가 정한 주가지수를 말한다
